path,label
drum_samples/808/808 13.wav,808
drum_samples/hihat/hi hat (2).wav,hihat
drum_samples/openhat/OPEN HAT - AETERNA [GINSENG].wav,openhat
drum_samples/snare/SNARE - SAWBLADE @shadx2.wav,snare
drum_samples/snare/Snare (Cherries).wav,snare
drum_samples/hihat/HI HAT - BAT [GINSENG].wav,hihat
drum_samples/clap/NOST - Clap 04.wav,clap
drum_samples/hihat/ICYTWAT 2 HAT.wav,hihat
drum_samples/clap/Clap (This A Lil More 2000s Sounding But IDGAF).wav,clap
drum_samples/snare/SNARE - MILLY [MUSGO].wav,snare
drum_samples/kick/KICK RACK.wav,kick
drum_samples/clap/clap (34).wav,clap
drum_samples/kick/KICK - pretty distorted.wav,kick
drum_samples/808/808 - descendant.wav,808
drum_samples/808/808 7.wav,808
drum_samples/kick/hard hard kick.wav,kick
drum_samples/808/Burberry 808 @khemics_.wav,808
drum_samples/808/808 (babydababy).wav,808
drum_samples/hihat/mango [hh].wav,hihat
drum_samples/808/808 (73).wav,808
drum_samples/clap/basic clap copy.wav,clap
drum_samples/snare/Dynox - Koji Snare @dynoxmusic.wav,snare
drum_samples/kick/GoKick2.wav,kick
drum_samples/snare/LexLugerSnare.wav,snare
drum_samples/snare/SNARE_JUNE_CXSKET.wav,snare
drum_samples/snare/SNARE - 2WINKLE [MISOGI].wav,snare
drum_samples/snare/progress [snare].wav,snare
drum_samples/snare/Snare (Malibu).wav,snare
drum_samples/openhat/ashetray open hat @thecxdy.wav,openhat
drum_samples/clap/snap clap.wav,clap
drum_samples/clap/CLAP - DEAD ANGEL RADIO [GINSENG].wav,clap
drum_samples/clap/! [layer this with other claps] @khemics_.wav,clap
drum_samples/snare/SNARE - PRETTY LITTLE CHAOS [GINSENG].wav,snare
drum_samples/hihat/HIHAT - CANDY - CXSKET.wav,hihat
drum_samples/openhat/OPEN HAT - MEMORY [GINSENG].wav,openhat
drum_samples/hihat/HH (Occasions).wav,hihat
drum_samples/clap/CLAP - CRASH INTO MY ROOM [GINSENG].wav,clap
drum_samples/clap/clap - ahh beat @rip.warheart.wav,clap
drum_samples/808/808 (4).wav,808
drum_samples/snare/dreamcast2 Snare (12).wav,snare
drum_samples/openhat/Hit OH @khemics_.wav,openhat
drum_samples/clap/CLAP - DESERT EAGLE [GINSENG].wav,clap
drum_samples/openhat/OPEN HAT - UNREAL [GINSENG].wav,openhat
drum_samples/hihat/Hat (4).wav,hihat
drum_samples/snare/lex luger sn.wav,snare
drum_samples/hihat/NOST - Closed Hi Hat 08.wav,hihat
drum_samples/808/808 [crush].wav,808
drum_samples/clap/CLAP - MONSTER [MISOGI].wav,clap
drum_samples/hihat/hi hat (23).wav,hihat
drum_samples/808/808 - hacked my ig 2.wav,808
drum_samples/clap/slap clap.wav,clap
drum_samples/hihat/HIHAT - GRL - CXSKET.wav,hihat
drum_samples/openhat/pyrex [open].wav,openhat
drum_samples/hihat/freak hh @thecxdy.wav,hihat
drum_samples/808/808 - [Driller] @looplegend_.wav,808
drum_samples/snare/SNARE - GUCCIMANE [MUSGO].wav,snare
drum_samples/snare/quetzalcoatl sn @thecxdy.wav,snare
drum_samples/808/Aletheo 808.wav,808
drum_samples/openhat/#sugr free open crash (tempo sync_d) @thecxdy.wav,openhat
drum_samples/808/808 - wassup.wav,808
drum_samples/openhat/OPEN HAT - YORDA [MISOGI].wav,openhat
drum_samples/clap/clap (vincecarter).wav,clap
drum_samples/hihat/hi hat (22).wav,hihat
drum_samples/kick/Daityas - Chaska Maska Kick.wav,kick
drum_samples/kick/Kick - [Kid] @looplegend_.wav,kick
drum_samples/hihat/HI HAT - AIRSOFT [MUSGO].wav,hihat
drum_samples/openhat/OH - SSD @shadx2.wav,openhat
drum_samples/kick/Dynox - Tennis Kick @dynoxmusic.wav,kick
drum_samples/snare/Snare 2.wav,snare
drum_samples/808/808 (Double Take).wav,808
drum_samples/clap/clap (50).wav,clap
drum_samples/kick/Kick Rack copy.wav,kick
drum_samples/snare/snare - fuck producerwav @rip.warheart.wav,snare
drum_samples/openhat/open hat (38).wav,openhat
drum_samples/snare/benji snare 1.wav,snare
drum_samples/808/Dynox - Flay 808 @dynoxmusic.wav,808
drum_samples/kick/radical kick.wav,kick
drum_samples/snare/SNARE - 2012 [MUSGO].wav,snare
drum_samples/openhat/[] open - closure.wav,openhat
drum_samples/kick/[] kick - gucci.wav,kick
drum_samples/hihat/HI HAT - TEXTURE [MUSGO].wav,hihat
drum_samples/snare/SNARE - THUNDER @shadx2.wav,snare
drum_samples/snare/SNARE - LOTUS [MISOGI].wav,snare
drum_samples/hihat/hi hat (32).wav,hihat
drum_samples/snare/Snare 18.wav,snare
drum_samples/openhat/open hat (33).wav,openhat
drum_samples/hihat/HH 4.wav,hihat
drum_samples/808/plugg 808 @khemics_.wav,808
drum_samples/hihat/hihat - kuroneko @rip.warheart.wav,hihat
drum_samples/808/MT2_Guilt 808.wav,808
drum_samples/hihat/HIHAT SMOOCH 9ANYAL.wav,hihat
drum_samples/clap/CLAP_BALANCE_CXSKET.wav,clap
drum_samples/openhat/OPEN HAT - PRACTICAL [MUSGO].wav,openhat
drum_samples/hihat/Spitfire HH @khemics_.wav,hihat
drum_samples/snare/NOST - Snare 13.wav,snare
drum_samples/snare/SNARE - LAVENDER [GINSENG].wav,snare
drum_samples/snare/SNARE - BRAZY [MUSGO].wav,snare
drum_samples/openhat/atom oh.wav,openhat
drum_samples/808/Internet Money 808 @khemics_.wav,808
drum_samples/kick/KICK - sig.wav,kick
drum_samples/kick/kick [spike].wav,kick
drum_samples/808/808 - very basic @didusayaster.wav,808
drum_samples/clap/CLAP - GR [MUSGO].wav,clap
drum_samples/openhat/OP 20.wav,openhat
drum_samples/kick/Daityas - Short Kick.wav,kick
drum_samples/808/808 - cant relate.wav,808
drum_samples/snare/DANIKIYOKO Snare 1.wav,snare
drum_samples/openhat/Open Hat - [Location] @looplegend_.wav,openhat
drum_samples/snare/SNARE - DIVISION @shadx2.wav,snare
drum_samples/hihat/hell shell hh.wav,hihat
drum_samples/808/808 (9).wav,808
drum_samples/openhat/open hat - low @rip.warheart.wav,openhat
drum_samples/clap/Dynox - Limp Clap @dynoxmusic.wav,clap
drum_samples/808/Dynox - Buzz 808 @dynoxmusic.wav,808
drum_samples/clap/CLAP - TAKUMI [MISOGI].wav,clap
drum_samples/hihat/HI HAT - KUNGFU [MUSGO].wav,hihat
drum_samples/kick/Regular Kick @khemics_.wav,kick
drum_samples/openhat/OPENHAT VESSEL 9ANYAL.wav,openhat
drum_samples/808/Jiggy 808.wav,808
drum_samples/clap/clap (31).wav,clap
drum_samples/kick/Kick - [Too Hard] @looplegend_.wav,kick
drum_samples/snare/SNARE - KAIJU [GINSENG].wav,snare
drum_samples/hihat/Break Hat.wav,hihat
drum_samples/openhat/OH - petite.wav,openhat
drum_samples/hihat/hihat - luv @rip.warheart.wav,hihat
drum_samples/clap/slug clap.wav,clap
drum_samples/hihat/RONNYJ_hihat_02_idk_u.wav,hihat
drum_samples/clap/CLAP - BANDWIDTH [GINSENG].wav,clap
drum_samples/hihat/HIHAT - COLDAIR - CXSKET.wav,hihat
drum_samples/kick/HARD kick.wav,kick
drum_samples/hihat/hihat - fyaaa @didusayaster.wav,hihat
drum_samples/hihat/Hat - Hacked My Instagram .wav,hihat
drum_samples/clap/ethereal plugg clap @thecxdy.wav,clap
drum_samples/808/808 - [Lord] @looplegend_.wav,808
drum_samples/openhat/OH #7 @taddybbear.wav,openhat
drum_samples/openhat/OPEN HAT - GLOOM [GINSENG].wav,openhat
drum_samples/openhat/MT2_Plus OH.wav,openhat
drum_samples/808/808 (casper).wav,808
drum_samples/808/808 (58).wav,808
drum_samples/808/Pierre 808 2018.wav,808
drum_samples/clap/CLAP - UNTRUST [MISOGI].wav,clap
drum_samples/808/808 (2).wav,808
drum_samples/hihat/Rockstar HH @khemics_.wav,hihat
drum_samples/clap/Reverse clap 2.wav,clap
drum_samples/clap/CLAP - INFINITY_OVERDRIVE [GINSENG].wav,clap
drum_samples/openhat/Dynox - Reversed OpenHat @dynoxmusic.wav,openhat
drum_samples/hihat/HH 15.wav,hihat
drum_samples/hihat/HI HAT - SWAGROMANCE [GINSENG].wav,hihat
drum_samples/808/808 - tic tac.wav,808
drum_samples/hihat/^#^ hh @thecxdy.wav,hihat
drum_samples/hihat/HiHAT_PRESSURE_CXSKET.wav,hihat
drum_samples/hihat/canon hh @thecxdy.wav,hihat
drum_samples/808/808 (92).wav,808
drum_samples/snare/SNARE - DXULTRA [MISOGI].wav,snare
drum_samples/808/808 - index.wav,808
drum_samples/hihat/MetroHihat.wav,hihat
drum_samples/kick/Kick 9.wav,kick
drum_samples/hihat/Hi Hat - [Oh Hey Pyrex] @looplegend_.wav,hihat
drum_samples/openhat/open hat (4).wav,openhat
drum_samples/openhat/OPEN HAT - THIN [MUSGO].wav,openhat
drum_samples/hihat/hi hat (39).wav,hihat
drum_samples/808/808 (67).wav,808
drum_samples/openhat/nervous open hat @thecxdy.wav,openhat
drum_samples/clap/Carousel Clap @khemics_.wav,clap
drum_samples/snare/Snare (Cheater_Wet).wav,snare
drum_samples/hihat/HI HAT - HEAVEN BLEACHED [GINSENG].wav,hihat
drum_samples/openhat/open hat (11).wav,openhat
drum_samples/clap/Clap (Thats Right).wav,clap
drum_samples/openhat/open hat (8).wav,openhat
drum_samples/clap/clap (38).wav,clap
drum_samples/808/808 [kaiba].wav,808
drum_samples/snare/SNARE - CN [MUSGO].wav,snare
drum_samples/clap/basic clap.wav,clap
drum_samples/808/808 (57).wav,808
drum_samples/snare/SNARE #3 @taddybbear.wav,snare
drum_samples/808/Industry Spinz @khemics_.wav,808
drum_samples/snare/Snare 9.wav,snare
drum_samples/openhat/MT2_Red OH.wav,openhat
drum_samples/clap/clap (46).wav,clap
drum_samples/snare/real [snare].wav,snare
drum_samples/openhat/open hat (55).wav,openhat
drum_samples/openhat/OH #3 @taddybbear.wav,openhat
drum_samples/hihat/HI HAT - SPRAY [MUSGO].wav,hihat
drum_samples/808/808 (93).wav,808
drum_samples/808/808 - [Shortpinz] @looplegend_.wav,808
drum_samples/clap/Break The Bank Clap 2.wav,clap
drum_samples/openhat/openhighhat2.mp3,openhat
drum_samples/kick/Kick (Cryin).wav,kick
drum_samples/hihat/Hi Hat - [Ronny J] @looplegend_.wav,hihat
drum_samples/hihat/[] hat - golden.wav,hihat
drum_samples/clap/CLAP #2 @taddybbear.wav,clap
drum_samples/snare/SNARE - TRANSIT [MUSGO].wav,snare
drum_samples/snare/SNARE - WAR [GINSENG].wav,snare
drum_samples/clap/clap (10).wav,clap
drum_samples/kick/Tall Kick @khemics_.wav,kick
drum_samples/kick/gin$eng kick (reverse it TRUST ME).wav,kick
drum_samples/hihat/hh [muto].wav,hihat
drum_samples/808/ns 808 @thecxdy.wav,808
drum_samples/808/808 - [Paid] @looplegend_.wav,808
drum_samples/808/808 Goodbye Horses.wav,808
drum_samples/808/808 - rave bae.wav,808
drum_samples/808/Dynox - June 808 @dynoxmusic.wav,808
drum_samples/clap/clap (22).wav,clap
drum_samples/808/Gatti 808 @khemics_.wav,808
drum_samples/snare/SNARE - BLOOD OVERDRIVE [GINSENG].wav,snare
drum_samples/hihat/HH (Snakeskin).wav,hihat
drum_samples/hihat/HIHAT HOG 9ANYAL.wav,hihat
drum_samples/clap/CLAP - AUX [GINSENG].wav,clap
drum_samples/snare/SNARE - ACDC [MUSGO].wav,snare
drum_samples/hihat/Industry 2 Hihat @khemics_.wav,hihat
drum_samples/hihat/quick hat.wav,hihat
drum_samples/clap/Clap 4.wav,clap
drum_samples/snare/Pluggz Snare.wav,snare
drum_samples/808/808 (12).wav,808
drum_samples/snare/Snare (Yall Already Knew I Would Include This).wav,snare
drum_samples/kick/KICK - PI'ERRE [GINSENG].wav,kick
drum_samples/hihat/hh [idk].wav,hihat
drum_samples/clap/CLAP - SERATONIN [GINSENG].wav,clap
drum_samples/clap/CLAP - break the bank.wav,clap
drum_samples/snare/SNARE - no lie w longer tail.wav,snare
drum_samples/openhat/OP 8.wav,openhat
drum_samples/openhat/MT2_Spud OH.wav,openhat
drum_samples/openhat/muffled open hat.wav,openhat
drum_samples/clap/NOST - Clap 13.wav,clap
drum_samples/hihat/HI-HAT 8 KAZAMA.wav,hihat
drum_samples/openhat/open hat (12).wav,openhat
drum_samples/snare/stick alt sn @thecxdy.wav,snare
drum_samples/kick/NOST - Kick 05.wav,kick
drum_samples/808/MT2_Sola 808.wav,808
drum_samples/clap/clap (27).wav,clap
drum_samples/snare/Breakfast SN @khemics_.wav,snare
drum_samples/kick/kick [wisdom].wav,kick
drum_samples/808/808 (72).wav,808
drum_samples/hihat/no friends [hh].wav,hihat
drum_samples/808/808 (90).wav,808
drum_samples/clap/clap (8).wav,clap
drum_samples/808/caligirls [808].wav,808
drum_samples/openhat/CYMBAL - F1 [MUSGO].wav,openhat
drum_samples/snare/MT2_Ducktape Snare.wav,snare
drum_samples/808/808 - magnolia.wav,808
drum_samples/hihat/MT2_Unanimous HH.wav,hihat
drum_samples/openhat/evian open hat.wav,openhat
drum_samples/snare/[] snare - shuhoku.wav,snare
drum_samples/hihat/HI-HAT 11 KAZAMA.wav,hihat
drum_samples/snare/SNARE - EDGE [MISOGI].wav,snare
drum_samples/808/808 5.wav,808
drum_samples/clap/Dynox - Pierre Clap @dynoxmusic.wav,clap
drum_samples/hihat/HH 11.wav,hihat
drum_samples/openhat/float oh.wav,openhat
drum_samples/snare/death sn @thecxdy.wav,snare
drum_samples/kick/kick2.mp3,kick
drum_samples/clap/CLAP - CHAMBER [MISOGI].wav,clap
drum_samples/808/+noita 808 @thecxdy.wav,808
drum_samples/snare/SNARE - DAFTPUNK [MISOGI].wav,snare
drum_samples/kick/west kick.wav,kick
drum_samples/snare/SNARE - FEVER [GINSENG].wav,snare
drum_samples/openhat/OPEN HAT - YOSHI [MISOGI].wav,openhat
drum_samples/808/dreamcast 808 @thecxdy.wav,808
drum_samples/808/808 - pierre 2018.wav,808
drum_samples/snare/snare (nicotine).wav,snare
drum_samples/snare/snare (showboat).wav,snare
drum_samples/kick/Daityas - Thumy Kick.wav,kick
drum_samples/808/Dynox - Spinz 808 @dynoxmusic.wav,808
drum_samples/808/808 Slaughter House (G#).wav,808
drum_samples/clap/CLAP - ANTI [MISOGI].wav,clap
drum_samples/kick/Freestyle Kick @khemics_.wav,kick
drum_samples/clap/NOST - Clap 03.wav,clap
drum_samples/openhat/OPEN HAT - ECHO [GINSENG].wav,openhat
drum_samples/clap/snap (kisses).wav,clap
drum_samples/808/808 [hell].wav,808
drum_samples/hihat/hh [chaos].wav,hihat
drum_samples/808/Right Hook 808 @khemics_.wav,808
drum_samples/openhat/shen open hat @thecxdy.wav,openhat
drum_samples/hihat/hi hat (11).wav,hihat
drum_samples/openhat/OP 16.wav,openhat
drum_samples/808/Industry zay @khemics_.wav,808
drum_samples/hihat/Tracksuit HH @khemics_.wav,hihat
drum_samples/808/808 [yami].wav,808
drum_samples/808/808 (79).wav,808
drum_samples/openhat/soo [open].mp3,openhat
drum_samples/openhat/Zeus Open Hat.wav,openhat
drum_samples/clap/clap - xusso @didusayaster.wav,clap
drum_samples/clap/3 (Plugg).wav,clap
drum_samples/hihat/Khemical HH @khemics_.wav,hihat
drum_samples/hihat/HI HAT - CONFRONT [MUSGO].wav,hihat
drum_samples/hihat/HI HAT - 25MG [GINSENG].wav,hihat
drum_samples/snare/snare [onyx].wav,snare
drum_samples/kick/toenail [kick].wav,kick
drum_samples/openhat/CYMBAL - DRAINAGE [MUSGO].wav,openhat
drum_samples/hihat/hihat (yaoming).wav,hihat
drum_samples/808/luffy 808 @thecxdy ~patreon~.wav,808
drum_samples/808/XanGang Sub  (3).wav,808
drum_samples/clap/CLAP BOOTLEG 9ANYAL.wav,clap
drum_samples/808/Jetski 808 @khemics_.wav,808
drum_samples/clap/clap [alana].wav,clap
drum_samples/openhat/openhat (splashin).wav,openhat
drum_samples/clap/Spa Clap @khemics_.wav,clap
drum_samples/kick/[] kick - rave bae.wav,kick
drum_samples/hihat/hh [moon].wav,hihat
drum_samples/clap/Clap (Crush).wav,clap
drum_samples/808/808 Dro.wav,808
drum_samples/808/Ayeplu$ - Song Bird (Short) 808.wav,808
drum_samples/808/808 - [Wondagurl] @looplegend_.wav,808
drum_samples/kick/Kick (Friend of Zay).wav,kick
drum_samples/snare/DANIKIYOKO Snare 8.wav,snare
drum_samples/kick/KICK - FALLING [GINSENG].wav,kick
drum_samples/808/Juug 808 copy.wav,808
drum_samples/808/808 (8).wav,808
drum_samples/hihat/highhat4.mp3,hihat
drum_samples/clap/DANIKIYOKO Clap 1.wav,clap
drum_samples/clap/Miratouch Clap @khemics_.wav,clap
drum_samples/808/808 - wannabe @rip.warheart.wav,808
drum_samples/808/808 - tech.wav,808
drum_samples/openhat/perk oh.wav,openhat
drum_samples/snare/SNARE - GINZA MOON [GINSENG].wav,snare
drum_samples/snare/snare - no lie @rip.warheart.wav,snare
drum_samples/808/808 - golden.wav,808
drum_samples/clap/cri$py clap.wav,clap
drum_samples/808/damaged+ 808 @thecxdy.wav,808
drum_samples/hihat/Stove Top Hi Hat.wav,hihat
drum_samples/808/808 (88).wav,808
drum_samples/clap/clap - zuckerberg @rip.warheart.wav,clap
drum_samples/openhat/OPEN HAT - GOODNIGHT MOON [GINSENG].wav,openhat
drum_samples/snare/Quik SN @khemics_.wav,snare
drum_samples/snare/SNARE - NARCOTICS [MUSGO].wav,snare
drum_samples/clap/{PNB} Clap.wav,clap
drum_samples/808/MT2_Shay 808.wav,808
drum_samples/hihat/NOST - Open Hi Hat 05.wav,hihat
drum_samples/hihat/hh [tic].wav,hihat
drum_samples/hihat/hihat (runyourmouth).wav,hihat
drum_samples/hihat/HI HAT - INDULGENT [MUSGO].wav,hihat
drum_samples/kick/kick [digi].wav,kick
drum_samples/hihat/Hi Hat - [Frozen] @looplegend_.wav,hihat
drum_samples/hihat/HI HAT - HYPERTONE [MISOGI].wav,hihat
drum_samples/clap/CLAP - RINGTONE [GINSENG].wav,clap
drum_samples/openhat/OPEN HAT - BLEACH [MISOGI].wav,openhat
drum_samples/openhat/[] open - r34.wav,openhat
drum_samples/kick/! Lite Kick @khemics_.wav,kick
drum_samples/snare/SNARE - NOISE [MISOGI].wav,snare
drum_samples/openhat/open hat - drift @rip.warheart.wav,openhat
drum_samples/808/808 (34).wav,808
drum_samples/snare/Dynox - Fast Snare @dynoxmusic.wav,snare
drum_samples/hihat/HH - BLONDE @shadx2.wav,hihat
drum_samples/hihat/Reverse hat 3.wav,hihat
drum_samples/clap/CLAP - 24 [MUSGO].wav,clap
drum_samples/hihat/hi hat (38).wav,hihat
drum_samples/hihat/hi hat (31).wav,hihat
drum_samples/openhat/open hat (53).wav,openhat
drum_samples/kick/Shenanigans (Kick).wav,kick
drum_samples/snare/Snare 3.wav,snare
drum_samples/hihat/hihat (bluecheese).wav,hihat
drum_samples/snare/4.wav,snare
drum_samples/openhat/OPEN HAT - IT NEVER ENDS [GINSENG].wav,openhat
drum_samples/openhat/OH #4 @taddybbear.wav,openhat
drum_samples/kick/NOST - Kick 08.wav,kick
drum_samples/clap/California Clap @khemics_.wav,clap
drum_samples/clap/Bounce Clap @khemics_.wav,clap
drum_samples/hihat/wide hat.wav,hihat
drum_samples/hihat/NOST - Closed Hi Hat 10.wav,hihat
drum_samples/808/hacked my instagram 808.wav,808
drum_samples/clap/CLAP_HALO_CXSKET.wav,clap
drum_samples/openhat/realistic ophat.wav,openhat
drum_samples/clap/clap [agido].wav,clap
drum_samples/808/Therapy 808 @khemics_.wav,808
drum_samples/clap/Clap - [RimClap] @looplegend_.wav,clap
drum_samples/snare/Snare 8.wav,snare
drum_samples/snare/SNARE - SLIDE [MUSGO].wav,snare
drum_samples/snare/SNARE - DESTINY [MISOGI].wav,snare
drum_samples/snare/SNARE - BASEMENT [GINSENG].wav,snare
drum_samples/snare/NOST - Snare 01.wav,snare
drum_samples/kick/5AM X SACHY Kick.wav,kick
drum_samples/clap/clap (43).wav,clap
drum_samples/openhat/drift open hat @thecxdy.wav,openhat
drum_samples/openhat/OPEN HAT - REALM [MUSGO].wav,openhat
drum_samples/openhat/OPEN HAT - TWISTED [MUSGO].wav,openhat
drum_samples/clap/clap (23).wav,clap
drum_samples/808/808 (48).wav,808
drum_samples/clap/NOST - Clap 05.wav,clap
drum_samples/hihat/HI HAT - LOST CALLS [GINSENG].wav,hihat
drum_samples/clap/MT2_Allergy Clap.wav,clap
drum_samples/808/NOST - 808 #6 (D).wav,808
drum_samples/808/808 -  molly.wav,808
drum_samples/openhat/OPEN HAT - GUARDIAN OF SLEEP [GINSENG].wav,openhat
drum_samples/808/808 - studio.wav,808
drum_samples/808/Covert Zay @khemics_.wav,808
drum_samples/kick/Kick (Go To).wav,kick
drum_samples/hihat/HIHAT - BIK3R - ICON.wav,hihat
drum_samples/snare/DANIKIYOKO Snare 3.wav,snare
drum_samples/hihat/Bourne Hi-hat.wav,hihat
drum_samples/hihat/hihat - otaku @rip.warheart.wav,hihat
drum_samples/snare/Snare - [ChopSnare] @looplegend_.wav,snare
drum_samples/openhat/OPEN HAT - CHROMETOKYO [GINSENG].wav,openhat
drum_samples/snare/snare (16).wav,snare
drum_samples/snare/snare - wonder @rip.warheart.wav,snare
drum_samples/clap/clap (nocomplaints).wav,clap
drum_samples/openhat/OH - bucketlist.wav,openhat
drum_samples/snare/Snare (Bounce).wav,snare
drum_samples/808/Dynox - SpaceX 808 @dynoxmusic.wav,808
drum_samples/clap/CLAP slap.wav,clap
drum_samples/808/808 - [Shark] @looplegend_.wav,808
drum_samples/snare/SNARE - PROMPT [MUSGO].wav,snare
drum_samples/clap/DANIKIYOKO Clap 3.wav,clap
drum_samples/kick/kick (7).wav,kick
drum_samples/clap/CLAP HEAVY 9ANYAL.wav,clap
drum_samples/808/808 (63).wav,808
drum_samples/openhat/Drift OH @khemics_.wav,openhat
drum_samples/808/XanGang Sub  (1).wav,808
drum_samples/808/br!ck 808 @thecxdy.wav,808
drum_samples/hihat/Goyxrd MainHH.wav,hihat
drum_samples/clap/Clap - [Sunk] @looplegend_.wav,clap
drum_samples/hihat/hh [mystique].wav,hihat
drum_samples/kick/Industry Kick @khemics_.wav,kick
drum_samples/openhat/open hat (7).wav,openhat
drum_samples/hihat/HI HAT - CLOUD [GINSENG].wav,hihat
drum_samples/snare/SNARE_GIRL_CXSKET.wav,snare
drum_samples/clap/clap (32).wav,clap
drum_samples/snare/mafia sn.wav,snare
drum_samples/clap/clap - hate you @rip.warheart.wav,clap
drum_samples/clap/CLAP - HURTS THE SAME [GINSENG].wav,clap
drum_samples/openhat/OP 15.wav,openhat
drum_samples/snare/snare2.mp3,snare
drum_samples/kick/jungle kick.wav,kick
drum_samples/hihat/HI HAT - DEAFHEAVEN [MISOGI].wav,hihat
drum_samples/openhat/Balenciaga OH @khemics_.wav,openhat
drum_samples/openhat/openhat (yeahyeah).wav,openhat
drum_samples/snare/SNARE - chop.wav,snare
drum_samples/808/+demo 808 @thecxdy.wav,808
drum_samples/clap/clap (4).wav,clap
drum_samples/openhat/OP 4.wav,openhat
drum_samples/808/Ayeplu$ - Panic (Short) 808.wav,808
drum_samples/808/808 (46).wav,808
drum_samples/kick/Kick 10.wav,kick
drum_samples/openhat/OP 6.wav,openhat
drum_samples/hihat/hihat (okbitch).wav,hihat
drum_samples/kick/Kick - [Rack] @looplegend_.wav,kick
drum_samples/clap/Luger Slap Clap.wav,clap
drum_samples/openhat/CYMBAL - BAG [MUSGO].wav,openhat
drum_samples/kick/kick (2).wav,kick
drum_samples/openhat/OPENHAT_ISLAND_CXSKET.wav,openhat
drum_samples/hihat/Anxiety 3 HH @khemics_.wav,hihat
drum_samples/clap/clap (44).wav,clap
drum_samples/kick/Kick 14.wav,kick
drum_samples/clap/CLAP - JAPAN [MISOGI].wav,clap
drum_samples/snare/36 Sn @khemics_.wav,snare
drum_samples/snare/snare (21).wav,snare
drum_samples/808/808 (lenoxsquare).wav,808
drum_samples/snare/GoSNR.wav,snare
drum_samples/808/808 Dental Floss.wav,808
drum_samples/hihat/hi hat (16).wav,hihat
drum_samples/openhat/Dynox - Lazey OpenHat @dynoxmusic.wav,openhat
drum_samples/808/Clean 808 @khemics_.wav,808
drum_samples/clap/CLAP_GAULTIER_CXSKET.wav,clap
drum_samples/hihat/HI HAT - CHAOS [MISOGI].wav,hihat
drum_samples/kick/kick [kael].wav,kick
drum_samples/hihat/HI-HAT 12 KAZAMA.wav,hihat
drum_samples/openhat/OP 9.wav,openhat
drum_samples/snare/snare - callme @rip.warheart.wav,snare
drum_samples/808/808 - [Pac Man] @looplegend_.wav,808
drum_samples/hihat/hi hat (12).wav,hihat
drum_samples/clap/CLAP - MESSEDUP [MUSGO].wav,clap
drum_samples/808/NOST - 808 #3 (E).wav,808
drum_samples/808/808 - descendant 2.wav,808
drum_samples/hihat/HiHAT_DECAY_CXSKET.wav,hihat
drum_samples/hihat/HH 2.wav,hihat
drum_samples/openhat/MT2_Notice OH.wav,openhat
drum_samples/kick/Kick (Vinyl).wav,kick
drum_samples/hihat/HH (Toxic).wav,hihat
drum_samples/snare/SNARE - VETEMENTS [MISOGI].wav,snare
drum_samples/808/ideo 808 @thecxdy.wav,808
drum_samples/clap/CLAP_PURPLE_CXSKET.wav,clap
drum_samples/hihat/hi hat (19).wav,hihat
drum_samples/openhat/OH #6 @taddybbear.wav,openhat
drum_samples/808/zay x edit 808 @thecxdy.wav,808
drum_samples/clap/CLAP - SPECIALIST [MUSGO].wav,clap
drum_samples/snare/SNARE - rambo.wav,snare
drum_samples/snare/SNARE TWILIGHT 9ANYAL.wav,snare
drum_samples/kick/[] kick - ponk.wav,kick
drum_samples/snare/carmilla sn @thecxdy.wav,snare
drum_samples/snare/SNARE_GRIEF_CXSKET.wav,snare
drum_samples/clap/Royce David Clap.wav,clap
drum_samples/kick/kick (3).wav,kick
drum_samples/hihat/HI HAT - FILTH [GINSENG].wav,hihat
drum_samples/snare/dreamcast2 Snare (8).wav,snare
drum_samples/clap/CLAP - BELIEVER [MISOGI].wav,clap
drum_samples/openhat/Open Hat Keef.wav,openhat
drum_samples/808/808 - genshin sub @didusayaster.wav,808
drum_samples/hihat/MT2_Vet HH.wav,hihat
drum_samples/808/MT2_Doe 808.wav,808
drum_samples/openhat/OPEN HAT - LOW BATTERY [GINSENG].wav,openhat
drum_samples/808/808 - [Super Dist] @looplegend_.wav,808
drum_samples/hihat/HiHAT_CHECK_CXSKET.wav,hihat
drum_samples/snare/dreamcast2 Snare (3).wav,snare
drum_samples/snare/SNARE - ANGELBLUE [GINSENG].wav,snare
drum_samples/openhat/open hat (50).wav,openhat
drum_samples/snare/SNARE - MAYDAY [GINSENG].wav,snare
drum_samples/hihat/HI-HAT 1 KAZAMA.wav,hihat
drum_samples/snare/SNARE BANDIT 9ANYAL.wav,snare
drum_samples/hihat/hihat (omg).wav,hihat
drum_samples/hihat/hihat (barrybonds).wav,hihat
drum_samples/808/Cymatics - 808 Wavetable (C).wav,808
drum_samples/openhat/open hat (20).wav,openhat
drum_samples/808/rampart 808 @thecxdy.wav,808
drum_samples/openhat/OPEN HAT - DARKSIDE [MUSGO].wav,openhat
drum_samples/808/MT2_MyAtom_X3 808.wav,808
drum_samples/clap/clap - asian women @rip.warheart.wav,clap
drum_samples/clap/Clap 2.wav,clap
drum_samples/snare/Snare (Clues).wav,snare
drum_samples/snare/Snare (Rent Free).wav,snare
drum_samples/clap/clap (18).wav,clap
drum_samples/snare/[] snare - trust.wav,snare
drum_samples/snare/SNARE_DYE_CXSKET.wav,snare
drum_samples/hihat/HH (Tinsel).wav,hihat
drum_samples/snare/xxdrill snare.wav,snare
drum_samples/clap/clap (36).wav,clap
drum_samples/snare/snare [dark hole].wav,snare
drum_samples/hihat/HH (Armory).wav,hihat
drum_samples/snare/snare - eva01 @rip.warheart.wav,snare
drum_samples/808/kool-aid 808.wav,808
drum_samples/snare/Snare (She Done Left Me Now I Got Nuthin 2 Write About).wav,snare
drum_samples/clap/clap (1).wav,clap
drum_samples/hihat/wide hat copy.wav,hihat
drum_samples/clap/drft clap @thecxdy.wav,clap
drum_samples/clap/gunther clap @thecxdy.wav,clap
drum_samples/808/xool 808.wav,808
drum_samples/hihat/Reverse hat 2.wav,hihat
drum_samples/808/808 (49).wav,808
drum_samples/openhat/MT2_Brokeup OH.wav,openhat
drum_samples/clap/clap [gengar].wav,clap
drum_samples/openhat/open hat (37).wav,openhat
drum_samples/808/808 - [Ghost Rider] @looplegend_.wav,808
drum_samples/clap/CLAP - ZERO [MISOGI].wav,clap
drum_samples/clap/Chunk clap.wav,clap
drum_samples/openhat/OPEN HAT - KRAZY [MISOGI].wav,openhat
drum_samples/808/808 17.wav,808
drum_samples/kick/michigan kick.wav,kick
drum_samples/snare/MT2_UnderwaterShot Snare.wav,snare
drum_samples/clap/Clap (So Is This One).wav,clap
drum_samples/hihat/highhat1.mp3,hihat
drum_samples/hihat/ok hihat.wav,hihat
drum_samples/openhat/MT2_Fanta OH.wav,openhat
drum_samples/hihat/HI-HAT - CLIMB (@saintdadah).wav,hihat
drum_samples/clap/Crisp Clap @khemics_.wav,clap
drum_samples/snare/SNARE_SACRED_CXSKET.wav,snare
drum_samples/clap/Clap copy 2.wav,clap
drum_samples/snare/SNARE - ESCALATOR SKY [GINSENG].wav,snare
drum_samples/snare/Snare 16.wav,snare
drum_samples/808/Bit crush 808.wav,808
drum_samples/openhat/open hat (45).wav,openhat
drum_samples/snare/Rack SN @khemics_.wav,snare
drum_samples/kick/KICK - SCENEBREAKER [GINSENG].wav,kick
drum_samples/hihat/MT2_Lowlight HH.wav,hihat
drum_samples/snare/SNARE - RIMOWA [GINSENG].wav,snare
drum_samples/808/Ayeplu$ - Razor Blade (Short) 808.wav,808
drum_samples/808/808 - fury.wav,808
drum_samples/808/mumble 808.wav,808
drum_samples/openhat/ha [open].wav,openhat
drum_samples/clap/clap (29).wav,clap
drum_samples/snare/SNARE - GOTHBLOOD [MISOGI].wav,snare
drum_samples/hihat/if u send this kit to a lame nigga i will kill u.wav,hihat
drum_samples/snare/[] snare - descendant.wav,snare
drum_samples/808/808 (24).wav,808
drum_samples/clap/CLAP_GRACE_CXSKET.wav,clap
drum_samples/clap/clap (56).wav,clap
drum_samples/hihat/time [hh].wav,hihat
drum_samples/808/Mexi 808.wav,808
drum_samples/snare/Snare (Copycat).wav,snare
drum_samples/808/808 #2 @taddybbear.wav,808
drum_samples/openhat/Dynox - May OpenHat @dynoxmusic.wav,openhat
drum_samples/clap/NOST - Clap 11.wav,clap
drum_samples/snare/dreamcast2 Snare (9).wav,snare
drum_samples/kick/KICK - carti.wav,kick
drum_samples/snare/R$J Snare.wav,snare
drum_samples/snare/Biscuit SN @khemics_.wav,snare
drum_samples/snare/no lie snare.wav,snare
drum_samples/808/xlr 808 @thecxdy.wav,808
drum_samples/hihat/H!ckey hat.wav,hihat
drum_samples/808/LC 808 1.wav,808
drum_samples/clap/clap (15).wav,clap
drum_samples/808/XanGang 808  (5).wav,808
drum_samples/hihat/HiHAT_MILEY_CXSKET.wav,hihat
drum_samples/hihat/[] hat - inspire.wav,hihat
drum_samples/kick/KICK- zay.wav,kick
drum_samples/snare/MT2_Shank Snare.wav,snare
drum_samples/snare/SNARE - PENTAGONIC [MUSGO].wav,snare
drum_samples/808/808 - uwu @rip.warheart.wav,808
drum_samples/kick/soft kick kankan.wav,kick
drum_samples/snare/dnk sn @thecxdy.wav,snare
drum_samples/808/808 - pde.wav,808
drum_samples/kick/Essential kick 3.wav,kick
drum_samples/hihat/HI HAT - HUMAN BEING [GINSENG].wav,hihat
drum_samples/clap/Clap (Happy Slap).wav,clap
drum_samples/openhat/OH (Bitter).wav,openhat
drum_samples/808/808 - hacked my ig.wav,808
drum_samples/808/808 - plasma.wav,808
drum_samples/808/thick 808 @thecxdy ~patreon~.wav,808
drum_samples/hihat/roll hh @thecxdy.wav,hihat
drum_samples/clap/clap (30).wav,clap
drum_samples/808/808 - [Henney] @looplegend_.wav,808
drum_samples/hihat/hi hat (10).wav,hihat
drum_samples/808/Industry Spinz 2 808 @khemics_.wav,808
drum_samples/snare/demon alt sn @thecxdy.wav,snare
drum_samples/snare/snare [cyber].wav,snare
drum_samples/snare/snare (fruitloops).wav,snare
drum_samples/clap/CLAP - CANDLELIGHT [GINSENG].wav,clap
drum_samples/snare/snare (9).wav,snare
drum_samples/snare/SNARE_METER_CXSKET.wav,snare
drum_samples/clap/clap (21).wav,clap
drum_samples/openhat/OPEN HAT - DEADSTAR [MISOGI].wav,openhat
drum_samples/kick/Kick - [Knock] @looplegend_.wav,kick
drum_samples/808/+dithered 808 @thecxdy.wav,808
drum_samples/kick/KICK - BMX [GINSENG].wav,kick
drum_samples/clap/Triple Clap @khemics_.wav,clap
drum_samples/808/808 [skull].wav,808
drum_samples/808/808 - cxdy plugg @didusayaster.wav,808
drum_samples/clap/clap (7).wav,clap
drum_samples/clap/Clap (Lies).wav,clap
drum_samples/808/discord 808 @thecxdy.wav,808
drum_samples/808/plugg 808.wav,808
drum_samples/hihat/Hi Hat - [WTTP] @looplegend_.wav,hihat
drum_samples/snare/SNARE - no lie.wav,snare
drum_samples/clap/CLAP_CITY_CXSKET.wav,clap
drum_samples/808/808 (Lost Kids).wav,808
drum_samples/hihat/hi hat (17).wav,hihat
drum_samples/808/NOST - 808 #2 (E).wav,808
drum_samples/808/808 - [ZaySpinz] @looplegend_.wav,808
drum_samples/openhat/MT2_Dash OH.wav,openhat
drum_samples/hihat/HH 9.wav,hihat
drum_samples/snare/snare (southside).wav,snare
drum_samples/kick/melo [kick].wav,kick
drum_samples/kick/dreamcast2 Kick (1).wav,kick
drum_samples/snare/MT2_Gotham Snare.wav,snare
drum_samples/hihat/HI HAT - PHANTOM [MISOGI].wav,hihat
drum_samples/snare/SNARE - regular.wav,snare
drum_samples/808/808 19.wav,808
drum_samples/snare/Snare 12.wav,snare
drum_samples/hihat/HI HAT - DARKTHRONE [MISOGI].wav,hihat
drum_samples/hihat/Goated HH @khemics_.wav,hihat
drum_samples/openhat/open hat - slow @didusayaster.wav,openhat
drum_samples/808/808 (69).wav,808
drum_samples/openhat/jugg [open].wav,openhat
drum_samples/hihat/HI-HAT - PRISM (@prod_jasper).wav,hihat
drum_samples/808/808 (15).wav,808
drum_samples/openhat/OH - kod.wav,openhat
drum_samples/snare/snare [stratos].wav,snare
drum_samples/snare/Snare 20.wav,snare
drum_samples/hihat/hi hat (33).wav,hihat
drum_samples/openhat/open hat (26).wav,openhat
drum_samples/hihat/hh [sword].wav,hihat
drum_samples/808/MT2_Sherb 808.wav,808
drum_samples/hihat/HI HAT - XPERIA [MISOGI].wav,hihat
drum_samples/openhat/OH (Old School).wav,openhat
drum_samples/openhat/OPEN HAT - REST [MUSGO].wav,openhat
drum_samples/808/Cymatics - 808 Wailed (C).wav,808
drum_samples/hihat/HI HAT - SECURITY [GINSENG].wav,hihat
drum_samples/clap/CLAP - OPAL [MISOGI].wav,clap
drum_samples/snare/SNARE BREAKAPART 9ANYAL.wav,snare
drum_samples/808/i dunno 808.wav,808
drum_samples/kick/KICK #3 @taddybbear.wav,kick
drum_samples/808/zevia 808 @thecxdy.wav,808
drum_samples/kick/Kick - [Tiny] @looplegend_.wav,kick
drum_samples/hihat/hi hat (43).wav,hihat
drum_samples/snare/Snare (I Aint Gon Lie).wav,snare
drum_samples/snare/plugg snare.wav,snare
drum_samples/808/LC 808 3.wav,808
drum_samples/808/808 - yo pierre.wav,808
drum_samples/hihat/dolla [hh].wav,hihat
drum_samples/kick/toxic [kick].wav,kick
drum_samples/kick/sonic [kick].wav,kick
drum_samples/clap/Filtered Clap @khemics_.wav,clap
drum_samples/snare/SNARE - skinny and low.wav,snare
drum_samples/808/808 - [Lex Luger] (G#) @looplegend_.wav,808
drum_samples/808/ca$h 808.wav,808
drum_samples/hihat/HI-HAT 2 KAZAMA.wav,hihat
drum_samples/kick/KICK - soft.wav,kick
drum_samples/hihat/Hi-Hat (RnB Hats Sound Like Trash But When U Put Them In A Beat They Dope).wav,hihat
drum_samples/snare/NOST - Snare 11.wav,snare
drum_samples/snare/dreamcast2 Snare (4).wav,snare
drum_samples/openhat/OPEN HAT 4 KAZAMA.wav,openhat
drum_samples/openhat/open hat (30).wav,openhat
drum_samples/kick/Kick (Kinda Distorted).wav,kick
drum_samples/clap/clap (17).wav,clap
drum_samples/openhat/OP 12.wav,openhat
drum_samples/kick/NOST - Kick 10.wav,kick
drum_samples/hihat/[] hat - shuhoku.wav,hihat
drum_samples/808/XanGang 808.wav,808
drum_samples/kick/Kick - [Rango] @looplegend_.wav,kick
drum_samples/clap/CLAP - KID A [GINSENG].wav,clap
drum_samples/hihat/hi hat (18).wav,hihat
drum_samples/808/808 - [Lock] @looplegend_.wav,808
drum_samples/snare/SNARE - tm88.wav,snare
drum_samples/kick/Kick - [Hard] @looplegend_.wav,kick
drum_samples/808/808 (17).wav,808
drum_samples/clap/DANIKIYOKO Clap 4.wav,clap
drum_samples/kick/Kick - [Wondagurl Kick] @looplegend_.wav,kick
drum_samples/hihat/HI HAT - METAL LOGO [GINSENG].wav,hihat
drum_samples/808/808 (20).wav,808
drum_samples/hihat/zesty hh.wav,hihat
drum_samples/openhat/OP 2.wav,openhat
drum_samples/snare/snare (breakupwithyourgirlfriend).wav,snare
drum_samples/clap/Money Clap @khemics_.wav,clap
drum_samples/hihat/Dynox - Jo HiHat @dynoxmusic.wav,hihat
drum_samples/kick/Miami Kick @khemics_.wav,kick
drum_samples/hihat/hihat - cash @didusayaster.wav,hihat
drum_samples/openhat/oh [wind].wav,openhat
drum_samples/snare/SNARE - RADIO RAIN [GINSENG].wav,snare
drum_samples/808/808 - cashin.wav,808
drum_samples/snare/die lit sn.wav,snare
drum_samples/snare/SNARE - carti.wav,snare
drum_samples/808/Goyxrd 8082.wav,808
drum_samples/clap/mob clap @thecxdy.wav,clap
drum_samples/hihat/Dynox - Wants HiHat @dynoxmusic.wav,hihat
drum_samples/clap/Vaulted Clap @khemics_.wav,clap
drum_samples/clap/Clap (R Kelly Aint The Goat He Just Corrupted RNB).wav,clap
drum_samples/snare/snare - allah @didusayaster.wav,snare
drum_samples/openhat/OP 11.wav,openhat
drum_samples/snare/pole sn @thecxdy.wav,snare
drum_samples/snare/DANIKIYOKO Snare 7.wav,snare
drum_samples/clap/CLAP - BREAK [MUSGO].wav,clap
drum_samples/snare/SNARE - BLIND @shadx2.wav,snare
drum_samples/hihat/flick hh.wav,hihat
drum_samples/hihat/Reverse hat 1.wav,hihat
drum_samples/snare/[] snare - yeet.wav,snare
drum_samples/hihat/hi hat (30).wav,hihat
drum_samples/hihat/HI HAT - LIPSTICK [GINSENG].wav,hihat
drum_samples/clap/clap (37).wav,clap
drum_samples/808/808 - warheartkilledthis @rip.warheart.wav,808
drum_samples/808/10 (MEXIKODRO v2).wav,808
drum_samples/clap/CLAP #4 @taddybbear.wav,clap
drum_samples/808/808 - raddle ahh zay @rip.warheart.wav,808
drum_samples/clap/¥ Clap @khemics_.wav,clap
drum_samples/clap/CLAP - HD [MISOGI].wav,clap
drum_samples/hihat/kan hh.wav,hihat
drum_samples/snare/dreamcast2 Snare (13).wav,snare
drum_samples/snare/Dynox - Plong Snare @dynoxmusic.wav,snare
drum_samples/808/808 Louisville Slugger.wav,808
drum_samples/snare/SNARE - RAZOR @shadx2.wav,snare
drum_samples/808/808 (21).wav,808
drum_samples/808/vayne 808 @thecxdy.wav,808
drum_samples/808/808 (65).wav,808
drum_samples/hihat/lightning hh @thecxdy.wav,hihat
drum_samples/snare/snare [mech].wav,snare
drum_samples/808/808 (18).wav,808
drum_samples/hihat/HH #5 @taddybbear.wav,hihat
drum_samples/clap/clap [grain].wav,clap
drum_samples/openhat/OPEN HAT - COLD [GINSENG].wav,openhat
drum_samples/808/deny 808 @thecxdy.wav,808
drum_samples/openhat/open hat (34).wav,openhat
drum_samples/808/808 - old pierre.wav,808
drum_samples/hihat/hihat - booty @rip.warheart.wav,hihat
drum_samples/808/MT2_Extra 808.wav,808
drum_samples/clap/gulag clap @thecxdy.wav,clap
drum_samples/808/Zaytoven 808.wav,808
drum_samples/snare/SNARE_CONTROL_CXSKET.wav,snare
drum_samples/808/808 (nocap).wav,808
drum_samples/hihat/HiHAT_BELOVE_CXSKET.wav,hihat
drum_samples/clap/CLAP - DOMINO [MUSGO].wav,clap
drum_samples/snare/SNARE - KATAKANA [GINSENG].wav,snare
drum_samples/openhat/open hat (32).wav,openhat
drum_samples/hihat/Anxiety 4 HH @khemics_.wav,hihat
drum_samples/openhat/OP 18.wav,openhat
drum_samples/kick/KICK - PI'ERRE V2 [GINSENG].wav,kick
drum_samples/hihat/muck [hh].wav,hihat
drum_samples/808/808 (77).wav,808
drum_samples/snare/galica alt sn @thecxdy.wav,snare
drum_samples/kick/Kick (Thunder).wav,kick
drum_samples/clap/clap (42).wav,clap
drum_samples/hihat/hi hat (4).wav,hihat
drum_samples/clap/CLAP - basic.wav,clap
drum_samples/openhat/! Signature OH @khemics_.wav,openhat
drum_samples/clap/mastiff clap @thecxdy.wav,clap
drum_samples/snare/SNARE - DETROIT CUT [GINSENG].wav,snare
drum_samples/clap/CLAP_DENIM_CXSKET.wav,clap
drum_samples/snare/Snare 14.wav,snare
drum_samples/kick/Kick (A Lot Of These Sound Similar But They Different).wav,kick
drum_samples/kick/KICK - DANCEBABYDANCE [GINSENG].wav,kick
drum_samples/clap/clap (35).wav,clap
drum_samples/clap/sass clap.wav,clap
drum_samples/snare/SNARE - DWRRY [MUSGO].wav,snare
drum_samples/808/808 (61).wav,808
drum_samples/hihat/HH (Alien).wav,hihat
drum_samples/kick/[] kick - roaming.wav,kick
drum_samples/snare/NOST - Snare 14.wav,snare
drum_samples/kick/berry [kick].wav,kick
drum_samples/hihat/HI HAT - SPIRIT [GINSENG].wav,hihat
drum_samples/snare/SNARE MEMOIR 9ANYAL.wav,snare
drum_samples/snare/snare (22).wav,snare
drum_samples/clap/CLAP - AUTOHYMN [GINSENG].wav,clap
drum_samples/clap/Clap - [Wet] @looplegend_.wav,clap
drum_samples/808/junya 808 @thecxdy.wav,808
drum_samples/snare/SNARE - KINTSUGI HEART [GINSENG].wav,snare
drum_samples/snare/SNARE - DROP [MUSGO].wav,snare
drum_samples/snare/DANIKIYOKO Snare 9.wav,snare
drum_samples/clap/Clap 3.wav,clap
drum_samples/808/dirty 808.wav,808
drum_samples/kick/Kick 17.wav,kick
drum_samples/openhat/OPEN HAT - PSYOP [MISOGI].wav,openhat
drum_samples/hihat/NOST - Open Hi Hat 06.wav,hihat
drum_samples/hihat/hihat - shy @rip.warheart.wav,hihat
drum_samples/kick/KICK - SHADOW [GINSENG].wav,kick
drum_samples/snare/NOST - Snare 08.wav,snare
drum_samples/808/808 - [Mobpinz 2] @pro_mobin @looplegend_.wav,808
drum_samples/clap/CLAP #1 @taddybbear.wav,clap
drum_samples/hihat/NOST - Closed Hi Hat 04.wav,hihat
drum_samples/openhat/[] open - descendant.wav,openhat
drum_samples/hihat/rosa hh @thecxdy.wav,hihat
drum_samples/hihat/HAT - djyoungkash.wav,hihat
drum_samples/hihat/HH 10.wav,hihat
drum_samples/808/orange 808.wav,808
drum_samples/clap/clap (51).wav,clap
drum_samples/openhat/oh [invoker].wav,openhat
drum_samples/hihat/low hh @thecxdy.wav,hihat
drum_samples/snare/SNARE COMMAS 9ANYAL.wav,snare
drum_samples/clap/[] clap - dream.wav,clap
drum_samples/clap/! Main Clap @khemics_.wav,clap
drum_samples/clap/Apollo Clap @khemics_.wav,clap
drum_samples/openhat/open hat (17).wav,openhat
drum_samples/clap/Wunna Clap @khemics_.wav,clap
drum_samples/808/goonie 808.wav,808
drum_samples/hihat/NOST - Open Hi Hat 03.wav,hihat
drum_samples/clap/MT2_Trophies Clap.wav,clap
drum_samples/kick/Kick (Timbo).wav,kick
drum_samples/hihat/HH #2 @taddybbear.wav,hihat
drum_samples/hihat/HI HAT - COLLAPSE [GINSENG].wav,hihat
drum_samples/snare/SNARE - XSCAPE [MISOGI].wav,snare
drum_samples/808/808 - [Knife] @looplegend_.wav,808
drum_samples/snare/thin man sn @thecxdy.wav,snare
drum_samples/808/Cymatics - 808 Cream (C).wav,808
drum_samples/808/Industry 808 @khemics_.wav,808
drum_samples/snare/MT2_Dance Snare.wav,snare
drum_samples/openhat/OPEN HAT - FALL INTO COLOR [GINSENG].wav,openhat
drum_samples/openhat/OPENHAT_SCARS_CXSKET.wav,openhat
drum_samples/clap/ol_ reliable [clap].wav,clap
drum_samples/clap/CLAP - FRACTURE [GINSENG].wav,clap
drum_samples/openhat/OPEN HAT - SHADOW [MISOGI].wav,openhat
drum_samples/openhat/open hat (5).wav,openhat
drum_samples/808/vnmpire 808.wav,808
drum_samples/hihat/HI HAT - CYBERDEATH [GINSENG].wav,hihat
drum_samples/hihat/HH - NIMKI @shadx2.wav,hihat
drum_samples/openhat/open hat (43).wav,openhat
drum_samples/kick/kick6.mp3,kick
drum_samples/snare/NOST - Snare 04.wav,snare
drum_samples/clap/Zay Clap @khemics_.wav,clap
drum_samples/snare/Snare - [Travis] @looplegend_.wav,snare
drum_samples/808/leaf 808 @thecxdy.wav,808
drum_samples/openhat/OH (Twizz).wav,openhat
drum_samples/kick/Case 19 (Kick).wav,kick
drum_samples/hihat/HH (Lotus).wav,hihat
drum_samples/808/808 - gucci.wav,808
drum_samples/808/+enhanced zap 808 @thecxdy.wav,808
drum_samples/hihat/NOST - Closed Hi Hat 05.wav,hihat
drum_samples/hihat/flix hh @thecxdy.wav,hihat
drum_samples/snare/! Main SN @khemics_.wav,snare
drum_samples/808/808 (10).wav,808
drum_samples/808/808 - ponk.wav,808
drum_samples/hihat/HH - DLX @shadx2.wav,hihat
drum_samples/snare/Snare (Inter).wav,snare
drum_samples/kick/kick3.mp3,kick
drum_samples/snare/snare (18).wav,snare
drum_samples/808/808 2.wav,808
drum_samples/808/wtf 808 @thecxdy.wav,808
drum_samples/clap/Clap - [Metro] @looplegend_.wav,clap
drum_samples/hihat/HI HAT - ECSTASY [GINSENG].wav,hihat
drum_samples/openhat/#baby open crash (tempo sync_d) @thecxdy.wav,openhat
drum_samples/808/Üh 808 @khemics_.wav,808
drum_samples/hihat/HI HAT - BABYMETAL [GINSENG].wav,hihat
drum_samples/hihat/hihat - ishowspeed @didusayaster.wav,hihat
drum_samples/snare/Dynox - Bet Snare @dynoxmusic.wav,snare
drum_samples/hihat/hihat - zenologay @rip.warheart.wav,hihat
drum_samples/snare/snare (godsaveus).wav,snare
drum_samples/openhat/OPENHAT_PURGE_CXSKET_.wav,openhat
drum_samples/snare/[] snare - gucci.wav,snare
drum_samples/clap/Expensive Clap @khemics_.wav,clap
drum_samples/openhat/open hat (39).wav,openhat
drum_samples/808/MT2_Cyberfuse 808.wav,808
drum_samples/snare/XanGang Snare  (6).wav,snare
drum_samples/808/808 (splash).wav,808
drum_samples/808/808 - ragestar.wav,808
drum_samples/hihat/HH 6.wav,hihat
drum_samples/hihat/HH 20.wav,hihat
drum_samples/snare/snare - aesthetic @rip.warheart.wav,snare
drum_samples/hihat/HH (Chosen).wav,hihat
drum_samples/kick/lean kick.wav,kick
drum_samples/snare/alucard sn @thecxdy.wav,snare
drum_samples/clap/CLAP - cancun.wav,clap
drum_samples/808/808 (38).wav,808
drum_samples/openhat/OPEN HAT - FEEDBACK [GINSENG].wav,openhat
drum_samples/808/808 (55).wav,808
drum_samples/openhat/Open Hat - [Post] @looplegend_.wav,openhat
drum_samples/clap/clap - snaz @didusayaster.wav,clap
drum_samples/snare/SNARE - PRAY2GOD [MISOGI].wav,snare
drum_samples/snare/snare (sammy).wav,snare
drum_samples/hihat/Hi-Hat 3.wav,hihat
drum_samples/snare/[] snare - index.wav,snare
drum_samples/hihat/hh [raigeki].wav,hihat
drum_samples/openhat/OH #1 @taddybbear.wav,openhat
drum_samples/hihat/HI HAT - DRINKING [MUSGO].wav,hihat
drum_samples/808/dreamcast2 808 (3).wav,808
drum_samples/808/MT2_Airwalk 808.wav,808
drum_samples/openhat/MT2_Bunt OH.wav,openhat
drum_samples/kick/dioxide kick.wav,kick
drum_samples/808/808 3 copy.wav,808
drum_samples/808/808 - [Wild] @looplegend_.wav,808
drum_samples/hihat/hi hat (20).wav,hihat
drum_samples/808/MT2_Ferris 808.wav,808
drum_samples/snare/Snare - [Zay] @looplegend_.wav,snare
drum_samples/808/808 - simp @rip.warheart.wav,808
drum_samples/snare/LC Dark Snare 1.wav,snare
drum_samples/snare/SNARE - CURSED [MISOGI].wav,snare
drum_samples/snare/snare - zay @rip.warheart.wav,snare
drum_samples/openhat/OPEN HAT - HEATMAP [MUSGO].wav,openhat
drum_samples/openhat/OP 17.wav,openhat
drum_samples/808/dreamcast2 808 (4).wav,808
drum_samples/snare/Snare 19.wav,snare
drum_samples/hihat/Anxiety HH @khemics_.wav,hihat
drum_samples/808/808 - snorkizzy @rip.warheart.wav,808
drum_samples/clap/clap [staff].wav,clap
drum_samples/hihat/HI HAT - BURNIN [MUSGO].wav,hihat
drum_samples/hihat/hihat - hop in da stage @rip.warheart.wav,hihat
drum_samples/hihat/HAT - gen$eng.wav,hihat
drum_samples/kick/KICK - my favorite.wav,kick
drum_samples/snare/snare5.mp3,snare
drum_samples/snare/SNARE - SNK [MISOGI].wav,snare
drum_samples/808/5er 808 @thecxdy.wav,808
drum_samples/snare/trappin snare.wav,snare
drum_samples/clap/clap - room @didusayaster.wav,clap
drum_samples/snare/Snare (Solutions).wav,snare
drum_samples/808/808 (83).wav,808
drum_samples/hihat/HI-HAT 9 KAZAMA.wav,hihat
drum_samples/808/808 [scythe].wav,808
drum_samples/snare/snare (12).wav,snare
drum_samples/808/808 (Pudding).wav,808
drum_samples/hihat/t0p fl00r hh @thecxdy.wav,hihat
drum_samples/808/808 [seto].wav,808
drum_samples/hihat/NOST - Open Hi Hat 10.wav,hihat
drum_samples/hihat/msi hi hat @thecxdy.wav,hihat
drum_samples/808/808 (75).wav,808
drum_samples/hihat/HH 14.wav,hihat
drum_samples/808/PNB 808 2.wav,808
drum_samples/kick/Kick - [Radio] @looplegend_.wav,kick
drum_samples/hihat/lil hi hat.wav,hihat
drum_samples/clap/MT2_Alien Clap.wav,clap
drum_samples/clap/Dynox - Cloud Clap @dynoxmusic.wav,clap
drum_samples/snare/twat snare.wav,snare
drum_samples/808/808 (7).wav,808
drum_samples/clap/[] clap - roaming.wav,clap
drum_samples/clap/CLAP - DIVINE KILL [GINSENG].wav,clap
drum_samples/snare/SNARE #6 @taddybbear.wav,snare
drum_samples/snare/snare (cocaine).wav,snare
drum_samples/snare/snare (oz).wav,snare
drum_samples/808/Goyxrd 8081.wav,808
drum_samples/clap/clap (16).wav,clap
drum_samples/hihat/hi hat (7).wav,hihat
drum_samples/clap/Grid Clap @khemics_.wav,clap
drum_samples/808/Cymatics - 808 Rowley (C).wav,808
drum_samples/808/808 - aurora.wav,808
drum_samples/snare/SNARE - STRIKER [MISOGI].wav,snare
drum_samples/kick/woke kick.wav,kick
drum_samples/clap/CLAP - SKY MAZE [GINSENG].wav,clap
drum_samples/openhat/Accent OH @khemics_.wav,openhat
drum_samples/snare/[] snare - mikoto.wav,snare
drum_samples/hihat/[] hat - mikoto.wav,hihat
drum_samples/snare/Snare (Pick Me).wav,snare
drum_samples/clap/CLAP - END CREDITS [GINSENG].wav,clap
drum_samples/clap/blossom [clap].wav,clap
drum_samples/kick/Kick 3.wav,kick
drum_samples/808/808 - big facts.wav,808
drum_samples/openhat/open hat (15).wav,openhat
drum_samples/kick/Kick (Reverse2).wav,kick
drum_samples/snare/SNARE - TXT [GINSENG].wav,snare
drum_samples/snare/NOST - Snare 05.wav,snare
drum_samples/hihat/hh [duel].wav,hihat
drum_samples/snare/XanGang Snare  (3).wav,snare
drum_samples/808/808 (54).wav,808
drum_samples/clap/CLAP_BLOND3_CXSKET.wav,clap
drum_samples/hihat/HH (Scraper).wav,hihat
drum_samples/hihat/[] hat - rave bae.wav,hihat
drum_samples/kick/kick8.mp3,kick
drum_samples/clap/CLAP_MEH_CXSKET.wav,clap
drum_samples/snare/! Yes SN @khemics_.wav,snare
drum_samples/clap/CLAP WHITNEY 9ANYAL.wav,clap
drum_samples/snare/DANIKIYOKO Snare 2.wav,snare
drum_samples/hihat/hihat - gone @didusayaster.wav,hihat
drum_samples/snare/SNARE #1 @taddybbear.wav,snare
drum_samples/kick/KICK - FUTURENOW [GINSENG].wav,kick
drum_samples/snare/Snare (X4).wav,snare
drum_samples/snare/rare sn @thecxdy.wav,snare
drum_samples/kick/[] kick - aurora.wav,kick
drum_samples/hihat/[] hat - kanojo.wav,hihat
drum_samples/808/unfair [808].wav,808
drum_samples/808/808 - frozy @rip.warheart.wav,808
drum_samples/808/808 - long ahh zay @rip.warheart.wav,808
drum_samples/openhat/Wizard 2 OH @khemics_.wav,openhat
drum_samples/hihat/Hat 1.wav,hihat
drum_samples/808/808 - kanojo.wav,808
drum_samples/hihat/[] hat - zelda.wav,hihat
drum_samples/808/808 - yeet.wav,808
drum_samples/hihat/HI-HAT - 00 (@saintdadah).wav,hihat
drum_samples/808/ho ho 808 @thecxdy.wav,808
drum_samples/clap/NOST - Clap 06.wav,clap
drum_samples/808/twat 808.wav,808
drum_samples/openhat/Open-hat 2.wav,openhat
drum_samples/snare/lenore sn @thecxdy.wav,snare
drum_samples/808/+med x 808 @thecxdy.wav,808
drum_samples/snare/SNARE - YESTERDAY [GINSENG].wav,snare
drum_samples/hihat/chanel hh.wav,hihat
drum_samples/808/808 (dap).wav,808
drum_samples/hihat/HI-HAT 6 KAZAMA.wav,hihat
drum_samples/hihat/NOST - Closed Hi Hat 09.wav,hihat
drum_samples/hihat/HI HAT - WOMENSWEAR [GINSENG].wav,hihat
drum_samples/clap/slight clap @thecxdy.wav,clap
drum_samples/808/On Sight 808 @khemics_.wav,808
drum_samples/hihat/NOST - Open Hi Hat 01.wav,hihat
drum_samples/hihat/HAT - 88.wav,hihat
drum_samples/clap/CLAP - TV [MUSGO].wav,clap
drum_samples/hihat/MT2_Game HH.wav,hihat
drum_samples/clap/Dynox - Pie Clap @dynoxmusic.wav,clap
drum_samples/openhat/Open Hat - [Reverse] @looplegend_.wav,openhat
drum_samples/snare/snare (17).wav,snare
drum_samples/snare/cry snare.wav,snare
drum_samples/openhat/OPEN HAT - MARNIPUNK [GINSENG].wav,openhat
drum_samples/openhat/OPEN HAT - OUTRO MUSIC [GINSENG].wav,openhat
drum_samples/hihat/hi hat (46).wav,hihat
drum_samples/openhat/OH - TELEGRAM @shadx2.wav,openhat
drum_samples/snare/cthulhu sn @thecxdy.wav,snare
drum_samples/hihat/Platinum HH @khemics_.wav,hihat
drum_samples/hihat/HI HAT - RUNNER [GINSENG].wav,hihat
drum_samples/snare/incubus alt sn @thecxdy.wav,snare
drum_samples/clap/CLAP_PSYCHO_CXSKET.wav,clap
drum_samples/snare/SNARE - KIRBY @shadx2.wav,snare
drum_samples/snare/bean snare.wav,snare
drum_samples/clap/Classic clap.wav,clap
drum_samples/clap/clap - sexnb @didusayaster.wav,clap
drum_samples/hihat/HI HAT - RITUAL [GINSENG].wav,hihat
drum_samples/808/808 (35).wav,808
drum_samples/clap/CLAP - DRAC'D [MISOGI].wav,clap
drum_samples/808/808 (51).wav,808
drum_samples/kick/hunk kick.wav,kick
drum_samples/clap/CLAP - STATIC GARDEN [GINSENG].wav,clap
drum_samples/808/808 (47).wav,808
drum_samples/hihat/hh [angel].wav,hihat
drum_samples/snare/crazy snare.wav,snare
drum_samples/hihat/hihat - makise kurisu @rip.warheart.wav,hihat
drum_samples/hihat/poker hh.wav,hihat
drum_samples/clap/CLAP - MOB [MUSGO].wav,clap
drum_samples/hihat/tok hh.wav,hihat
drum_samples/hihat/HI HAT - GOTHCANDY [GINSENG].wav,hihat
drum_samples/openhat/roller oh.wav,openhat
drum_samples/clap/Lemon Clap @khemics_.wav,clap
drum_samples/808/Aqua 808.wav,808
drum_samples/hihat/HI HAT - BOTTOM [MUSGO].wav,hihat
drum_samples/808/808 - [Walk] @looplegend_.wav,808
drum_samples/clap/royce david [clap].wav,clap
drum_samples/808/NOST - 808 #9 (C).wav,808
drum_samples/808/Ayeplu$ - Razor Blade 808.wav,808
drum_samples/clap/Clap (Wide Acoustic).wav,clap
drum_samples/snare/SNARE - HIRAGANA [GINSENG].wav,snare
drum_samples/clap/Clap - [Legendary] @looplegend_.wav,clap
drum_samples/openhat/OPENHAT_LIQUID_CXSKET.wav,openhat
drum_samples/clap/Clap - [Sludge] @looplegend_.wav,clap
drum_samples/808/808 - ice @didusayaster.wav,808
drum_samples/808/808 (cracked).wav,808
drum_samples/808/viacom 808 @thecxdy.wav,808
drum_samples/openhat/open hat (31).wav,openhat
drum_samples/snare/nash [snare].wav,snare
drum_samples/hihat/HI HAT - URL [GINSENG].wav,hihat
drum_samples/kick/Kick 20.wav,kick
drum_samples/808/H!ckey 808.wav,808
drum_samples/clap/CLAP - SUNDAY [MUSGO].wav,clap
drum_samples/snare/Snare (Lofi).wav,snare
drum_samples/808/+ayo 808 @thecxdy.wav,808
drum_samples/openhat/open hat (14).wav,openhat
drum_samples/openhat/Dynox - Flash OpenHat @dynoxmusic.wav,openhat
drum_samples/hihat/Wavey HH @khemics_.wav,hihat
drum_samples/kick/KICK - HYPERCAM [GINSENG].wav,kick
drum_samples/clap/MT2_Combo Clap.wav,clap
drum_samples/hihat/Hat (2).wav,hihat
drum_samples/hihat/HI HAT - LOGIN FAILURE [GINSENG].wav,hihat
drum_samples/kick/KICK - bbw.wav,kick
drum_samples/openhat/[] open - inspire.wav,openhat
drum_samples/808/Ayeplu$ - Cocaine 808.wav,808
drum_samples/snare/dreamcast2 Snare (5).wav,snare
drum_samples/clap/clap - softnb @didusayaster.wav,clap
drum_samples/hihat/Hi-hat 4.wav,hihat
drum_samples/kick/buddy [kick].wav,kick
drum_samples/hihat/hi hat (15).wav,hihat
drum_samples/hihat/HH (Loadout).wav,hihat
drum_samples/snare/SNARE #9@taddybbear.wav,snare
drum_samples/hihat/lil hi hat copy.wav,hihat
drum_samples/snare/Dynox - Wide Snare @dynoxmusic.wav,snare
drum_samples/hihat/HI HAT - DIRT [MUSGO].wav,hihat
drum_samples/808/808 - mystery machine.wav,808
drum_samples/clap/Reverse clap 5.wav,clap
drum_samples/808/808 - mikoto.wav,808
drum_samples/clap/Clap - [Logic] @looplegend_.wav,clap
drum_samples/openhat/OH - and also a triangle.wav,openhat
drum_samples/808/Transient 808 @khemics_.wav,808
drum_samples/openhat/OPEN HAT - STILL LIFE [GINSENG].wav,openhat
drum_samples/clap/Clap (Jiggy).wav,clap
drum_samples/clap/Clap (This Was Live).wav,clap
drum_samples/hihat/NOST - Closed Hi Hat 06.wav,hihat
drum_samples/808/XanGang 808  (1).wav,808
drum_samples/clap/CLAP - INCEPTION [MUSGO].wav,clap
drum_samples/808/808 16.wav,808
drum_samples/hihat/HI HAT - BUTTERFLY [MUSGO].wav,hihat
drum_samples/hihat/hi hat (47).wav,hihat
drum_samples/808/xcite bike 808 @thecxdy.wav,808
drum_samples/clap/CLAP VOMIT 9ANYAL.wav,clap
drum_samples/snare/Snare (Trippy).wav,snare
drum_samples/openhat/open hat (35).wav,openhat
drum_samples/808/808 (84).wav,808
drum_samples/snare/snare (2).wav,snare
drum_samples/snare/xxwag snare.wav,snare
drum_samples/clap/clap (49).wav,clap
drum_samples/clap/CLAP - ALONE [MISOGI].wav,clap
drum_samples/openhat/Lowend OH @khemics_.wav,openhat
drum_samples/hihat/street fighter hh @thecxdy.wav,hihat
drum_samples/808/Juug 8082.wav,808
drum_samples/clap/CLAP - AIR [MISOGI].wav,clap
drum_samples/snare/Daityas - Clock Snare.wav,snare
drum_samples/kick/eem [kick].wav,kick
drum_samples/snare/snare [wombocombo].wav,snare
drum_samples/clap/CLAP - CLASS [MUSGO].wav,clap
drum_samples/openhat/open hat (23).wav,openhat
drum_samples/clap/swift clap.wav,clap
drum_samples/kick/Rack Kick copy 2.wav,kick
drum_samples/kick/Karma Kick @khemics_.wav,kick
drum_samples/808/808 - zay.wav,808
drum_samples/clap/Smooth Clap.wav,clap
drum_samples/hihat/hihat - i have a codeine prescription @rip.warheart.wav,hihat
drum_samples/snare/SNARE #2 @taddybbear.wav,snare
drum_samples/808/Yoga 808 @khemics_.wav,808
drum_samples/hihat/highhat3.mp3,hihat
drum_samples/808/Darkie 808.wav,808
drum_samples/808/bomberman 808 @thecxdy.wav,808
drum_samples/snare/SNARE - A GLIMPSE OF ETERNITY [GINSENG].wav,snare
drum_samples/openhat/OPEN HAT - SMOKE SHOW [GINSENG].wav,openhat
drum_samples/clap/clap (19).wav,clap
drum_samples/hihat/hihat (circlesmall).wav,hihat
drum_samples/snare/down snare.wav,snare
drum_samples/808/XanGang Sub.wav,808
drum_samples/hihat/hi hat (1).wav,hihat
drum_samples/hihat/ICYTWAT 1 HAT.wav,hihat
drum_samples/snare/SNARE_WINTER_CXSKET.wav,snare
drum_samples/snare/yen snare.wav,snare
drum_samples/snare/SNARE - FUNK [MUSGO].wav,snare
drum_samples/clap/123 clap @thecxdy.wav,clap
drum_samples/808/808 (82).wav,808
drum_samples/808/808 (53).wav,808
drum_samples/hihat/Reverse hat 4.wav,hihat
drum_samples/openhat/OPEN HAT - SLOWBURN [GINSENG].wav,openhat
drum_samples/snare/SNARE - ea.wav,snare
drum_samples/snare/Snare (Shea Butter).wav,snare
drum_samples/clap/clap.wav,clap
drum_samples/snare/Snare 4 (or perc).wav,snare
drum_samples/openhat/open hat - forces @rip.warheart.wav,openhat
drum_samples/hihat/Hat - Hell Shell.wav,hihat
drum_samples/clap/NOST - Clap 14.wav,clap
drum_samples/hihat/illionaire hh @thecxdy.wav,hihat
drum_samples/808/808 (45).wav,808
drum_samples/snare/glo sn.wav,snare
drum_samples/hihat/HI HAT - EMERGENCY [GINSENG].wav,hihat
drum_samples/hihat/HH 16.wav,hihat
drum_samples/openhat/OPEN HAT - FLASH DRIVE [GINSENG].wav,openhat
drum_samples/hihat/hi hat (27).wav,hihat
drum_samples/hihat/fiji hh @thecxdy.wav,hihat
drum_samples/hihat/HiHAT_CROSS_CXSKET.wav,hihat
drum_samples/hihat/hi hat (40).wav,hihat
drum_samples/808/dreamcast2 808 (1).wav,808
drum_samples/kick/Dynox - Sauce Kick @dynoxmusic.wav,kick
drum_samples/hihat/HiHAT_GRUNGE_CXSKET.wav,hihat
drum_samples/hihat/HH (Spark).wav,hihat
drum_samples/kick/Kick 7.wav,kick
drum_samples/hihat/world [hh].wav,hihat
drum_samples/clap/CLAP - CLEAN [MUSGO].wav,clap
drum_samples/808/Savage 808 @khemics_.wav,808
drum_samples/808/808 14.wav,808
drum_samples/hihat/HI HAT - DELETE FOREVER [GINSENG].wav,hihat
drum_samples/clap/clap (9).wav,clap
drum_samples/808/Cymatics - 808 Hardy (C).wav,808
drum_samples/808/XanGang 808  (4).wav,808
drum_samples/808/Ear pain 808.wav,808
drum_samples/clap/CLAP LOVENOTE 9ANYAL.wav,clap
drum_samples/hihat/hi hat (42).wav,hihat
drum_samples/kick/Dynox - Her Kick @dynoxmusic.wav,kick
drum_samples/clap/# clap @thecxdy.wav,clap
drum_samples/openhat/open hat (52).wav,openhat
drum_samples/openhat/OH - CRANK @shadx2.wav,openhat
drum_samples/clap/CLAP - luger.wav,clap
drum_samples/openhat/OPEN HAT - AMPLIFIER [GINSENG].wav,openhat
drum_samples/openhat/openhat (criplit).wav,openhat
drum_samples/808/Daityas - 808 (F).wav,808
drum_samples/hihat/HH (HomeRun).wav,hihat
drum_samples/clap/CLAP - GHOST [MISOGI].wav,clap
drum_samples/808/808 (86).wav,808
drum_samples/hihat/[] hat - plasma.wav,hihat
drum_samples/clap/CLAP - CEMETARY DRIVE [GINSENG].wav,clap
drum_samples/snare/SNARE_MISOGI_CXSKET.wav,snare
drum_samples/808/808 - nudy.wav,808
drum_samples/808/808 - cash shit.wav,808
drum_samples/clap/CLAP - NEVER STOP CRYING [GINSENG].wav,clap
drum_samples/hihat/hihat (ricflair).wav,hihat
drum_samples/openhat/OPEN HAT 20 KAZAMA.wav,openhat
drum_samples/snare/SNARE - VOLCANO [MUSGO].wav,snare
drum_samples/hihat/HIHAT NOISE 9ANYAL.wav,hihat
drum_samples/hihat/hihat (ncaa).wav,hihat
drum_samples/openhat/OPEN HAT - SD [MUSGO].wav,openhat
drum_samples/hihat/hihat - squirtle @didusayaster.wav,hihat
drum_samples/clap/Clap - [Southside] @looplegend_.wav,clap
drum_samples/hihat/hihat - she want me @rip.warheart.wav,hihat
drum_samples/808/808 (42).wav,808
drum_samples/808/fish 808 @thecxdy ~patreon~.wav,808
drum_samples/808/Presidential 808 @khemics_.wav,808
drum_samples/snare/Snare (It's a Rim).wav,snare
drum_samples/808/Cymatics - 808 Shotgun (C).wav,808
drum_samples/808/Goyxrd 8083.wav,808
drum_samples/openhat/MT2_SemiCymbal OH.wav,openhat
drum_samples/kick/Kick (Titanic).wav,kick
drum_samples/808/Ayeplu$ - Lap Dance (Short) 808.wav,808
drum_samples/808/Ayeplu$ - Butter (Short) 808.wav,808
drum_samples/hihat/HI HAT - TERMINAL HEARTBREAK [GINSENG].wav,hihat
drum_samples/clap/CLAP - 420KHZ [GINSENG].wav,clap
drum_samples/kick/Kick 18.wav,kick
drum_samples/hihat/HiHAT_XSTAR_CXSKET.wav,hihat
drum_samples/openhat/OPEN HAT - SILENTSKY [GINSENG].wav,openhat
drum_samples/snare/SNARE - AOI [GINSENG].wav,snare
drum_samples/snare/Snare (Came & Saw).wav,snare
drum_samples/openhat/[] open - aurora.wav,openhat
drum_samples/kick/kick5.mp3,kick
drum_samples/snare/dreamcast2 Snare (7).wav,snare
drum_samples/snare/ethereal snare.wav,snare
drum_samples/openhat/open hat (41).wav,openhat
drum_samples/snare/Snare (Depths).wav,snare
drum_samples/kick/KICK - sad.wav,kick
drum_samples/snare/SNARE Zay.wav,snare
drum_samples/808/MT2_RollinStone 808.wav,808
drum_samples/openhat/open hat (36).wav,openhat
drum_samples/snare/New SN @khemics_.wav,snare
drum_samples/kick/KICK - MEMORY LOSS [GINSENG].wav,kick
drum_samples/808/NOST - 808 #4 (A).wav,808
drum_samples/808/Dynox - Chase 808 @dynoxmusic.wav,808
drum_samples/808/real nigga 4L 808.wav,808
drum_samples/808/twizz 808.wav,808
drum_samples/clap/CLAP_BYTE_CXSKET.wav,clap
drum_samples/kick/Dynox - Fear Kick @dynoxmusic.wav,kick
drum_samples/snare/SNARE - MALLWHORE [GINSENG].wav,snare
drum_samples/openhat/open hat (27).wav,openhat
drum_samples/clap/All Clap @khemics_.wav,clap
drum_samples/hihat/District HH @khemics_.wav,hihat
drum_samples/openhat/open hat (49).wav,openhat
drum_samples/openhat/OP 5.wav,openhat
drum_samples/clap/clap (2).wav,clap
drum_samples/clap/clap [flower].wav,clap
drum_samples/snare/Snare (Acoustics).wav,snare
drum_samples/snare/snare4.mp3,snare
drum_samples/openhat/OPEN HAT - COLORVOID [GINSENG].wav,openhat
drum_samples/kick/dreamcast2 Kick (3).wav,kick
drum_samples/snare/rock alt sn @thecxdy.wav,snare
drum_samples/808/Ayeplu$ - Bed Time 808.wav,808
drum_samples/openhat/Open-hat 3.wav,openhat
drum_samples/clap/CLAP_APPLE_CXSKET.wav,clap
drum_samples/clap/CLAP_ORWHAT_CXSKET.wav,clap
drum_samples/hihat/hihat (wesleypresley).wav,hihat
drum_samples/808/Plugg 808 copy.wav,808
drum_samples/hihat/HI HAT - WITHDRAWAL [GINSENG].wav,hihat
drum_samples/kick/rave kick.wav,kick
drum_samples/hihat/HH 5.wav,hihat
drum_samples/clap/CLAP - LOST VALLEY [GINSENG].wav,clap
drum_samples/808/808 Gwavehouse (D).wav,808
drum_samples/clap/CLAP_FLIRT_CXSKET.wav,clap
drum_samples/openhat/open hat (42).wav,openhat
drum_samples/clap/LC Dark Clap 1.wav,clap
drum_samples/clap/CLAP - 12 [MUSGO].wav,clap
drum_samples/snare/SNARE - RED LIGHT [GINSENG].wav,snare
drum_samples/808/808 (28).wav,808
drum_samples/openhat/OPEN HAT - HELLO SUN [GINSENG].wav,openhat
drum_samples/snare/SNARE - r.i.p..wav,snare
drum_samples/808/808 (Short Sub).wav,808
drum_samples/808/808 (37).wav,808
drum_samples/808/808 - basic ahh zay @rip.warheart.wav,808
drum_samples/hihat/HI HAT - PINKMOON [MISOGI].wav,hihat
drum_samples/hihat/HI HAT - POTION [MISOGI].wav,hihat
drum_samples/clap/clap (45).wav,clap
drum_samples/hihat/NOST - Closed Hi Hat 03.wav,hihat
drum_samples/clap/CLAP - GHOST OF YOU [GINSENG].wav,clap
drum_samples/hihat/DRO HAT.wav,hihat
drum_samples/snare/SNARE_SOUVENIR_CXSKET.wav,snare
drum_samples/openhat/#drone open crash (tempo sync_d) @thecxdy.wav,openhat
drum_samples/snare/SNARE - VANISH [GINSENG].wav,snare
drum_samples/808/808 - forever @rip.warheart.wav,808
drum_samples/hihat/hh [pain].wav,hihat
drum_samples/openhat/OPENHAT_SPRITE_CXSKET.wav,openhat
drum_samples/openhat/open hat (24).wav,openhat
drum_samples/808/808 (14).wav,808
drum_samples/openhat/crater open hat @thecxdy.wav,openhat
drum_samples/snare/dreamcast2 Snare (15).wav,snare
drum_samples/clap/Custom Clap @khemics_.wav,clap
drum_samples/hihat/HH 1.wav,hihat
drum_samples/openhat/#hardwok open crash (tempo sync_d) @thecxdy.wav,openhat
drum_samples/clap/swg clap @thecxdy.wav,clap
drum_samples/808/blod 808.wav,808
drum_samples/hihat/Hat (3).wav,hihat
drum_samples/snare/Snare - [Future] @looplegend_.wav,snare
drum_samples/snare/snare (13).wav,snare
drum_samples/openhat/Open Hat - [Wiowiowio] @looplegend_.wav,openhat
drum_samples/hihat/HI HAT - 90 [MUSGO].wav,hihat
drum_samples/snare/olrax sn @thecxdy.wav,snare
drum_samples/clap/clap (6).wav,clap
drum_samples/hihat/MT2_ROM HH.wav,hihat
drum_samples/snare/SNARE_PISTOL_CXSKET.wav,snare
drum_samples/snare/SNARE_DEMO_CXSKET.wav,snare
drum_samples/snare/Snare - [XO] @looplegend_.wav,snare
drum_samples/808/808 4 copy.wav,808
drum_samples/hihat/Prophet HH @khemics_.wav,hihat
drum_samples/snare/MT2_Slapclap Snare.wav,snare
drum_samples/openhat/BASIC.wav,openhat
drum_samples/hihat/HH (Reverse).wav,hihat
drum_samples/clap/clap (12).wav,clap
drum_samples/808/wide body 808 @thecxdy.wav,808
drum_samples/hihat/hihat - myra @didusayaster.wav,hihat
drum_samples/808/808 (80).wav,808
drum_samples/808/root chakra 808.wav,808
drum_samples/808/XanGang 808  (2).wav,808
drum_samples/hihat/Dynox - Garden HiHat @dynoxmusic.wav,hihat
drum_samples/808/808 - trippie.wav,808
drum_samples/openhat/slim open hat @thecxdy.wav,openhat
drum_samples/openhat/OPENHAT HUSK 9ANYAL.wav,openhat
drum_samples/clap/CLAP_VANISH_CXSKET.wav,clap
drum_samples/clap/Bug clap 2.wav,clap
drum_samples/snare/NOST - Snare 02.wav,snare
drum_samples/snare/snare1.mp3,snare
drum_samples/808/808 (71).wav,808
drum_samples/kick/gin$eng kick.wav,kick
drum_samples/openhat/OPEN HAT - REALITY [MISOGI].wav,openhat
drum_samples/kick/molly kick.wav,kick
drum_samples/hihat/Dynox - Juiced HiHat @dynoxmusic.wav,hihat
drum_samples/snare/roll snare.wav,snare
drum_samples/hihat/hihat - 315 @rip.warheart.wav,hihat
drum_samples/clap/DANIKIYOKO Clap 5.wav,clap
drum_samples/openhat/openhat (nascar).wav,openhat
drum_samples/kick/KICK - for a distorted 808.wav,kick
drum_samples/kick/Kick - [Boosted Rack] @looplegend_.wav,kick
drum_samples/snare/SNARE - YOKOHAMA GHOST [GINSENG].wav,snare
drum_samples/808/zay 808.wav,808
drum_samples/808/808 (PradaU).wav,808
drum_samples/openhat/808 mafia Open Hat.wav,openhat
drum_samples/openhat/OPENHAT_SHINE_CXSKET.wav,openhat
drum_samples/hihat/siren hh @thecxdy.wav,hihat
drum_samples/snare/raw alt sn @thecxdy.wav,snare
drum_samples/openhat/Triplet OH @khemics_.wav,openhat
drum_samples/clap/clap - weirdo @rip.warheart.wav,clap
drum_samples/hihat/HH (Cherry).wav,hihat
drum_samples/808/808 18.wav,808
drum_samples/snare/SNARE - MOMENT [GINSENG].wav,snare
drum_samples/808/808 - r34.wav,808
drum_samples/openhat/open hat (47).wav,openhat
drum_samples/808/Ayeplu$ - Ladies Night 808.wav,808
drum_samples/808/Keeper 808 @khemics_.wav,808
drum_samples/snare/snare (15).wav,snare
drum_samples/kick/Kick - [Lezter Kick] @looplegend_.wav,kick
drum_samples/808/linkup 808.wav,808
drum_samples/kick/GoKick1.wav,kick
drum_samples/snare/snare [kuriboh].wav,snare
drum_samples/kick/KICK - SOLDIER [GINSENG].wav,kick
drum_samples/hihat/pierre hh.wav,hihat
drum_samples/clap/NOST - Clap 02.wav,clap
drum_samples/kick/Crisis (Kick).wav,kick
drum_samples/hihat/boyz hh @thecxdy.wav,hihat
drum_samples/hihat/HI HAT - RODEO [MUSGO].wav,hihat
drum_samples/clap/clap (25).wav,clap
drum_samples/808/beast 808 @thecxdy.wav,808
drum_samples/snare/hard sn.wav,snare
drum_samples/openhat/stop open hat @thecxdy.wav,openhat
drum_samples/kick/fives [kick].wav,kick
drum_samples/hihat/NOST - Closed Hi Hat 02.wav,hihat
drum_samples/snare/Snare - [Wood] @looplegend_.wav,snare
drum_samples/openhat/OP 1.wav,openhat
drum_samples/808/Bodega 808 @khemics_.wav,808
drum_samples/hihat/HI HAT - DREAMER [MUSGO].wav,hihat
drum_samples/snare/good  snare.wav,snare
drum_samples/hihat/HI HAT - RUNITUP [MUSGO].wav,hihat
drum_samples/snare/snare - close @didusayaster.wav,snare
drum_samples/hihat/1 (MEXIKODRO).wav,hihat
drum_samples/kick/KICK - SMILE [GINSENG].wav,kick
drum_samples/openhat/OPENHAT_RELAPSE_CXSKET.wav,openhat
drum_samples/hihat/Hat (7).wav,hihat
drum_samples/808/808 (Knuckle Duster).wav,808
drum_samples/kick/MT2_Sanny Kick.wav,kick
drum_samples/hihat/HAT - pierre.wav,hihat
drum_samples/snare/SNARE - CELSIUS @shadx2.wav,snare
drum_samples/snare/[] snare - r34.wav,snare
drum_samples/hihat/HIHAT NAISEI 9ANYAL.wav,hihat
drum_samples/snare/SNARE - GEAR @shadx2.wav,snare
drum_samples/hihat/hi hat (41).wav,hihat
drum_samples/snare/SNARE - GAMESTAR [MISOGI].wav,snare
drum_samples/hihat/HH - BUNNY @shadx2.wav,hihat
drum_samples/hihat/cute tiny hat.wav,hihat
drum_samples/808/Cymatics - 808 January (C).wav,808
drum_samples/openhat/OPENHAT_TRAPJUMP_CXSKET.wav,openhat
drum_samples/hihat/HI HAT - PARIS MOON [GINSENG].wav,hihat
drum_samples/clap/CLAP - VYBE [MUSGO].wav,clap
drum_samples/snare/Snare (Tighten).wav,snare
drum_samples/clap/[] clap - mikoto.wav,clap
drum_samples/openhat/OH (SloMo).wav,openhat
drum_samples/snare/SNARE - EVENING [MISOGI].wav,snare
drum_samples/808/flo 808.wav,808
drum_samples/clap/Clap (Go2).wav,clap
drum_samples/kick/dreamcast2 Kick (7).wav,kick
drum_samples/clap/Clap (Why Is Like Every Clap On The Sub A Variation of The 808).wav,clap
drum_samples/hihat/HI HAT - UNREAD [GINSENG].wav,hihat
drum_samples/kick/MT2_POLYWRLD Kick.wav,kick
drum_samples/openhat/OPEN HAT - MISSING [GINSENG].wav,openhat
drum_samples/snare/SNARE - MONTIER [MUSGO].wav,snare
drum_samples/hihat/Hat 3.wav,hihat
drum_samples/kick/KICK - BITRATE [GINSENG].wav,kick
drum_samples/snare/SNARE - NO MORE ANGELS [GINSENG].wav,snare
drum_samples/snare/SNARE - OLD SKOOL [GINSENG].wav,snare
drum_samples/hihat/Zay Hi Hat.wav,hihat
drum_samples/clap/Clap (Dont Wait).wav,clap
drum_samples/openhat/open hat - waifu @rip.warheart.wav,openhat
drum_samples/snare/Daityas - Dhol Snare.wav,snare
drum_samples/openhat/[] open - rave bae.wav,openhat
drum_samples/kick/dreamcast2 Kick (2).wav,kick
drum_samples/snare/Snare (Suffering).wav,snare
drum_samples/clap/clap - low @rip.warheart.wav,clap
drum_samples/snare/SNARE #7 @taddybbear.wav,snare
drum_samples/clap/Clap (Bubble).wav,clap
drum_samples/kick/KICK - ORANGE [GINSENG].wav,kick
drum_samples/808/808 #1 @taddybbear.wav,808
drum_samples/hihat/HiHAT_STIX_CXSKET.wav,hihat
drum_samples/hihat/Hi-Hat (Shea Butter).wav,hihat
drum_samples/808/Daityas - Crushed 808 (E).wav,808
drum_samples/hihat/HH.wav,hihat
drum_samples/openhat/oh [sasuke].wav,openhat
drum_samples/hihat/HAT - rip.wav,hihat
drum_samples/openhat/Sheesh OH @khemics_.wav,openhat
drum_samples/snare/SNARE_OLYMPIA_CXSKET.wav,snare
drum_samples/hihat/HIHAT ROT 9ANYAL.wav,hihat
drum_samples/snare/fkn alt sn @thecxdy.wav,snare
drum_samples/openhat/OPEN HAT - PYREX [MISOGI].wav,openhat
drum_samples/hihat/HAT - wrldview.wav,hihat
drum_samples/snare/snare (5).wav,snare
drum_samples/snare/icy sn.wav,snare
drum_samples/openhat/OP 14.wav,openhat
drum_samples/hihat/HI HAT - 10K [MISOGI].wav,hihat
drum_samples/openhat/#wise tree open crash (tempo sync_d) @thecxdy.wav,openhat
drum_samples/808/808 - [Club] @looplegend_.wav,808
drum_samples/hihat/HI HAT - WET [MUSGO].wav,hihat
drum_samples/808/rollup 808 @thecxdy.wav,808
drum_samples/808/Ayeplu$ - Break Dance 808.wav,808
drum_samples/kick/TWAT 2 Kick.wav,kick
drum_samples/clap/NOST - Clap 07.wav,clap
drum_samples/snare/Viper SN @khemics_.wav,snare
drum_samples/openhat/OPEN HAT - SKYDEATH [MISOGI].wav,openhat
drum_samples/hihat/hihat - gato @didusayaster.wav,hihat
drum_samples/808/Ayeplu$ - Panic 808.wav,808
drum_samples/snare/SNARE - TYPE-0 [MISOGI].wav,snare
drum_samples/hihat/HI-HAT 20 KAZAMA.wav,hihat
drum_samples/808/3 (POLOBOYSHAWTY).wav,808
drum_samples/808/808 [yugi].wav,808
drum_samples/snare/Snare (ngl).wav,snare
drum_samples/hihat/[] hat - r34.wav,hihat
drum_samples/808/808 - zelda.wav,808
drum_samples/snare/snare (7).wav,snare
drum_samples/808/novation [808].wav,808
drum_samples/snare/snare (wakeup).wav,snare
drum_samples/808/af_ree 808 @khemics_.wav,808
drum_samples/hihat/hi hat (8).wav,hihat
drum_samples/808/+dithered 2 808 @thecxdy.wav,808
drum_samples/clap/CLAP - ALMIGHTY [MUSGO].wav,clap
drum_samples/clap/CLAP - iced up.wav,clap
drum_samples/openhat/OPENHAT_WISH_CXSKET.wav,openhat
drum_samples/snare/LC Dark Snare 2.wav,snare
drum_samples/hihat/HI HAT - ICON [GINSENG].wav,hihat
drum_samples/openhat/iced open hat @thecxdy.wav,openhat
drum_samples/openhat/OPENHAT VOGUE 9ANYAL.wav,openhat
drum_samples/clap/luger [clap].wav,clap
drum_samples/hihat/hi hat (35).wav,hihat
drum_samples/openhat/open hat - basic oh @didusayaster.wav,openhat
drum_samples/hihat/HI HAT - GIRLFRIEND [GINSENG].wav,hihat
drum_samples/clap/CLAP_STARZ_CXSKET.wav,clap
drum_samples/hihat/hi hat (21).wav,hihat
drum_samples/snare/SNARE #5 @taddybbear.wav,snare
drum_samples/808/MT2_Rick Owens 808.wav,808
drum_samples/clap/Yuh Clap @khemics_.wav,clap
drum_samples/clap/CLAP - HEAVEN OFFLINE [GINSENG].wav,clap
drum_samples/snare/SNARE_TRUNK_CXSKET.wav,snare
drum_samples/openhat/Animal OH @khemics_.wav,openhat
drum_samples/snare/zay sn.wav,snare
drum_samples/clap/clap (whitegirl).wav,clap
drum_samples/hihat/hi hat (50).wav,hihat
drum_samples/hihat/Hi Hat - [Old Southside] @looplegend_.wav,hihat
drum_samples/clap/CLAP #3 @taddybbear.wav,clap
drum_samples/808/808 - saitan @didusayaster.wav,808
drum_samples/808/Proximity 808 @khemics_.wav,808
drum_samples/openhat/[] open - plasma.wav,openhat
drum_samples/hihat/Hat (5).wav,hihat
drum_samples/808/Cymatics - 808 Blister (C).wav,808
drum_samples/808/spinz 808.wav,808
drum_samples/snare/snare - txtme @rip.warheart.wav,snare
drum_samples/kick/KICK - REWIND [GINSENG].wav,kick
drum_samples/clap/CLAP - DISTANT [MUSGO].wav,clap
drum_samples/808/Juug Sub.wav,808
drum_samples/hihat/demon hh.wav,hihat
drum_samples/808/Descend 808 @khemics_.wav,808
drum_samples/hihat/NOST - Closed Hi Hat 07.wav,hihat
drum_samples/808/808 (50).wav,808
drum_samples/clap/Clap (Wheezy Short).wav,clap
drum_samples/hihat/HH 13.wav,hihat
drum_samples/hihat/lemon [hh].wav,hihat
drum_samples/clap/clap - banned at 10.3k @rip.warheart.wav,clap
drum_samples/hihat/MT2_Rollo HH.wav,hihat
drum_samples/808/808 (16).wav,808
drum_samples/openhat/MT2_Pacman OH.wav,openhat
drum_samples/808/NOST - 808 #1 (D).wav,808
drum_samples/snare/SNARE - MILK [GINSENG].wav,snare
drum_samples/snare/Snare (Disregard).wav,snare
drum_samples/808/808 12.wav,808
drum_samples/hihat/hi hat (9).wav,hihat
drum_samples/808/custom 808.wav,808
drum_samples/808/NOST - 808 #7 (C).wav,808
drum_samples/clap/4 (Plugg).wav,clap
drum_samples/kick/MT2_City Kick.wav,kick
drum_samples/hihat/HH #1 @taddybbear.wav,hihat
drum_samples/hihat/HI HAT - DOPAMINE [GINSENG].wav,hihat
drum_samples/hihat/HH (Slug).wav,hihat
drum_samples/clap/CLAP - yoppa talk.wav,clap
drum_samples/openhat/OPENHAT_SORROW_CXSKET.wav,openhat
drum_samples/openhat/DIST OH @khemics_.wav,openhat
drum_samples/hihat/HH - RANCID @shadx2.wav,hihat
drum_samples/snare/medusa sn @thecxdy.wav,snare
drum_samples/kick/NOST - Kick 02.wav,kick
drum_samples/808/oreo 808.wav,808
drum_samples/openhat/brick oh.wav,openhat
drum_samples/snare/SNARE - OMOTESANDO [MISOGI].wav,snare
drum_samples/hihat/NOST - Open Hi Hat 08.wav,hihat
drum_samples/808/808 - spinz.wav,808
drum_samples/hihat/Hi Hat - [Haze] @looplegend_.wav,hihat
drum_samples/hihat/{PNB} Hat.wav,hihat
drum_samples/hihat/HIHAT - FLEX - CXSKET.wav,hihat
drum_samples/kick/MT2_Grailed Kick.wav,kick
drum_samples/snare/snare [percys].wav,snare
drum_samples/hihat/HI HAT - CONFETTI [MUSGO].wav,hihat
drum_samples/hihat/hihat (gunna).wav,hihat
drum_samples/snare/SNARE - PARADISE [MISOGI].wav,snare
drum_samples/808/808 (95).wav,808
drum_samples/openhat/OPEN HAT - SECRET RAIN [GINSENG].wav,openhat
drum_samples/clap/MT2_Ze Clap.wav,clap
drum_samples/808/ctm 808.wav,808
drum_samples/clap/CLAP DAWN 9ANYAL.wav,clap
drum_samples/808/sam g [808].wav,808
drum_samples/clap/clap (53).wav,clap
drum_samples/clap/CLAP - WEBCAM [GINSENG].wav,clap
drum_samples/hihat/HI-HAT - CLIPPD (@saintdadah).wav,hihat
drum_samples/hihat/HI HAT - GINZA [MISOGI].wav,hihat
drum_samples/clap/clap [ra].wav,clap
drum_samples/hihat/MT2_Backway HH.wav,hihat
drum_samples/808/compass 808 @thecxdy ~patreon~.wav,808
drum_samples/openhat/Dynox - Phased OpenHat @dynoxmusic.wav,openhat
drum_samples/snare/SNARE - CHOP [MUSGO].wav,snare
drum_samples/kick/LC Kick 1.wav,kick
drum_samples/snare/SNARE PHAT.wav,snare
drum_samples/snare/snare7.mp3,snare
drum_samples/openhat/OPEN HAT - LOVELESS [GINSENG].wav,openhat
drum_samples/808/unknown 808 @thecxdy.wav,808
drum_samples/hihat/HH 3.wav,hihat
drum_samples/snare/DANIKIYOKO Snare 5.wav,snare
drum_samples/hihat/[] hat - closure.wav,hihat
drum_samples/hihat/Phased HH @khemics_.wav,hihat
drum_samples/openhat/open hat (16).wav,openhat
drum_samples/808/808 (Shorty).wav,808
drum_samples/808/808 2 copy.wav,808
drum_samples/kick/Kick 5.wav,kick
drum_samples/clap/clap (55).wav,clap
drum_samples/808/X 808 X.wav,808
drum_samples/snare/SNARE_BLONDE_CXSKET.wav,snare
drum_samples/clap/clap (tryals).wav,clap
drum_samples/808/808 (74).wav,808
drum_samples/snare/snare (10).wav,snare
drum_samples/snare/SNARE - LOS ANGELES [GINSENG].wav,snare
drum_samples/hihat/cathedral [hh].wav,hihat
drum_samples/808/808 - let it go.wav,808
drum_samples/kick/[] kick - index.wav,kick
drum_samples/clap/Clap (Rim Kinda).wav,clap
drum_samples/hihat/NOST - Closed Hi Hat 01.wav,hihat
drum_samples/hihat/HI HAT - COCOON [GINSENG].wav,hihat
drum_samples/hihat/MT2_Robo HH.wav,hihat
drum_samples/snare/{PNB} ZaySn.wav,snare
drum_samples/808/NOST - 808 #5 (C).wav,808
drum_samples/hihat/HI HAT - HOT PINK [GINSENG].wav,hihat
drum_samples/hihat/HI HAT - 7 MINUTES IN HEAVEN [GINSENG].wav,hihat
drum_samples/clap/Reverse clap 4.wav,clap
drum_samples/808/tell em [808].wav,808
drum_samples/hihat/Hi Hat - [Lit] @looplegend_.wav,hihat
drum_samples/clap/Reverse clap 1.wav,clap
drum_samples/808/mudd 808.wav,808
drum_samples/808/Industry spinz 3 808 @khemics_.wav,808
drum_samples/clap/audi clap.wav,clap
drum_samples/openhat/open hat (54).wav,openhat
drum_samples/808/808 - dark knight dummo.wav,808
drum_samples/snare/Snare (Wounded).wav,snare
drum_samples/clap/[] clap - trust.wav,clap
drum_samples/808/808 (96).wav,808
drum_samples/clap/CLAP - OXYGEN [GINSENG].wav,clap
drum_samples/hihat/Dynox - Aloe HiHat @dynoxmusic.wav,hihat
drum_samples/snare/snare (4).wav,snare
drum_samples/hihat/HiHAT_BLIND_CXSKET.wav,hihat
drum_samples/hihat/Dynox - Dox HiHat @dynoxmusic.wav,hihat
drum_samples/openhat/OH - yachty.wav,openhat
drum_samples/openhat/LC Dark Open Hat.wav,openhat
drum_samples/808/808 - lies u tell @rip.warheart.wav,808
drum_samples/hihat/[] hat - ponk.wav,hihat
drum_samples/hihat/hihat (hellcat).wav,hihat
drum_samples/clap/clap (horses).wav,clap
drum_samples/808/Ayeplu$ - Ladies Night (Short) 808.wav,808
drum_samples/clap/CLAP - CUBE [MUSGO].wav,clap
drum_samples/openhat/East OH @khemics_.wav,openhat
drum_samples/clap/clap [dagger].wav,clap
drum_samples/snare/snare (14).wav,snare
drum_samples/808/808 (11).wav,808
drum_samples/snare/magic snare.wav,snare
drum_samples/kick/kick7.mp3,kick
drum_samples/clap/wendy clap @thecxdy.wav,clap
drum_samples/hihat/ripper hh @thecxdy.wav,hihat
drum_samples/clap/Dirt clap.wav,clap
drum_samples/hihat/hi hat (34).wav,hihat
drum_samples/808/808 - [Mobpinz] @pro_mobin @looplegend_.wav,808
drum_samples/kick/kick4.mp3,kick
drum_samples/snare/SNARE - DILEMMA [GINSENG].wav,snare
drum_samples/clap/CLAP - 100 ANGELS [GINSENG].wav,clap
drum_samples/clap/clap - war @rip.warheart.wav,clap
drum_samples/snare/SNARE_LUST_CXSKET.wav,snare
drum_samples/kick/Nightshow Kick @khemics_.wav,kick
drum_samples/808/Hatred 808 @khemics_.wav,808
drum_samples/808/808 6.wav,808
drum_samples/openhat/prank oh.wav,openhat
drum_samples/808/Reality 808 @khemics_.wav,808
drum_samples/snare/SNARE_DRIVR_CXSKET.wav,snare
drum_samples/snare/young chop sn.wav,snare
drum_samples/kick/[] kick - r34.wav,kick
drum_samples/808/dro 808.wav,808
drum_samples/clap/CLAP AETHER 9ANYAL.wav,clap
drum_samples/kick/gawd kick.wav,kick
drum_samples/snare/Snare 5.wav,snare
drum_samples/clap/CLAP - DEEPDOWN [MISOGI].wav,clap
drum_samples/snare/SNARE - HYDRA @shadx2.wav,snare
drum_samples/hihat/HiHAT_GRL_CXSKET.wav,hihat
drum_samples/openhat/Open Hat - [Drown] @looplegend_.wav,openhat
drum_samples/snare/Snare 7.wav,snare
drum_samples/openhat/panner oh.wav,openhat
drum_samples/808/808 (23).wav,808
drum_samples/hihat/HI HAT - RAINDROP [MUSGO].wav,hihat
drum_samples/808/808 (99).wav,808
drum_samples/hihat/Classic hat.wav,hihat
drum_samples/kick/Kick (Coconut Oil).wav,kick
drum_samples/hihat/HI HAT - CLOSEST [MUSGO].wav,hihat
drum_samples/snare/NOST - Snare 07.wav,snare
drum_samples/clap/clap (41).wav,clap
drum_samples/snare/SNARE - RYTHYM [MUSGO].wav,snare
drum_samples/hihat/HI HAT - EVILMIST [MISOGI].wav,hihat
drum_samples/openhat/OPEN HAT - PERFUME [MISOGI].wav,openhat
drum_samples/808/808 Hard Ahh Spins.wav,808
drum_samples/hihat/HI HAT - I_LOVE_NY [GINSENG].wav,hihat
drum_samples/snare/SNARE - BACKDOOR [MUSGO].wav,snare
drum_samples/snare/chon chon sn @thecxdy.wav,snare
drum_samples/snare/Snare (Risen).wav,snare
drum_samples/hihat/HH (Clank).wav,hihat
drum_samples/clap/CLAP FEELINME 9ANYAL.wav,clap
drum_samples/openhat/[] open - gucci.wav,openhat
drum_samples/808/PNB 808.wav,808
drum_samples/openhat/OP 19.wav,openhat
drum_samples/openhat/OH - southside.wav,openhat
drum_samples/kick/KICK - wide load.wav,kick
drum_samples/clap/clap (5).wav,clap
drum_samples/clap/MT2_X Clap.wav,clap
drum_samples/kick/Rack Kick copy.wav,kick
drum_samples/808/Grime 808.wav,808
drum_samples/openhat/up open hat @thecxdy.wav,openhat
drum_samples/808/808 #3 @taddybbear.wav,808
drum_samples/kick/KICK #4 @taddybbear.wav,kick
drum_samples/clap/clap - this one mid @rip.warheart.wav,clap
drum_samples/808/rich [808].wav,808
drum_samples/clap/Dynox - Champion Clap @dynoxmusic.wav,clap
drum_samples/snare/snare - delayed @didusayaster.wav,snare
drum_samples/808/Shawty 808 @khemics_.wav,808
drum_samples/snare/mario SN @khemics_.wav,snare
drum_samples/clap/Clap (N64).wav,clap
drum_samples/kick/[] kick - plasma.wav,kick
drum_samples/snare/rooster alt sn @thecxdy.wav,snare
drum_samples/openhat/OH #5 @taddybbear.wav,openhat
drum_samples/clap/clap (labcookhands).wav,clap
drum_samples/clap/CLAP - FIRMWARE [GINSENG].wav,clap
drum_samples/clap/CLAP - KWS [MUSGO].wav,clap
drum_samples/snare/Wheezy Snare.wav,snare
drum_samples/hihat/{PNB} Hat 2.wav,hihat
drum_samples/kick/Kick 1.wav,kick
drum_samples/openhat/OPEN HAT - WORLD SKIP [GINSENG].wav,openhat
drum_samples/hihat/HI HAT - GARDEROBE [GINSENG].wav,hihat
drum_samples/808/Hell 808.wav,808
drum_samples/snare/SNARE - OVERSEAS [GINSENG].wav,snare
drum_samples/snare/SNARE FLASK 9ANYAL.wav,snare
drum_samples/clap/clap (13).wav,clap
drum_samples/808/Yacht 808 @khemics_.wav,808
drum_samples/openhat/open hat - facetime @rip.warheart.wav,openhat
drum_samples/openhat/! Signature 3 OH @khemics_.wav,openhat
drum_samples/openhat/2k OH @khemics_.wav,openhat
drum_samples/hihat/hihat (myway).wav,hihat
drum_samples/kick/KICK - reesey.wav,kick
drum_samples/808/808 (Reverse).wav,808
drum_samples/openhat/OPEN HAT - TIRED HALO [GINSENG].wav,openhat
drum_samples/openhat/Open-hat 1.wav,openhat
drum_samples/808/808 - gotta push so i can pull @rip.warheart.wav,808
drum_samples/808/Chromehearts 808 @khemics_.wav,808
drum_samples/kick/KICK - nudy.wav,kick
drum_samples/snare/SNARE - SHUTTER [GINSENG].wav,snare
drum_samples/kick/Kick 4.wav,kick
drum_samples/snare/SNARE - AMNESIA [GINSENG].wav,snare
drum_samples/openhat/clink oh.wav,openhat
drum_samples/snare/snare (deadwrong).wav,snare
drum_samples/snare/XanGang Snare  (2).wav,snare
drum_samples/openhat/open hat (44).wav,openhat
drum_samples/808/Goosebumps 808 @khemics_.wav,808
drum_samples/snare/snare - contemplate @rip.warheart.wav,snare
drum_samples/808/808 (breakupwithyourgirlfriend).wav,808
drum_samples/hihat/Hat (6).wav,hihat
drum_samples/snare/Snare 6.wav,snare
drum_samples/hihat/HH (Swiss).wav,hihat
drum_samples/hihat/HI HAT - SICK [MISOGI].wav,hihat
drum_samples/hihat/Hi-Hat (Coconut Oil).wav,hihat
drum_samples/808/x com 808 @thecxdy.wav,808
drum_samples/hihat/HI HAT - RELAPSE [GINSENG].wav,hihat
drum_samples/snare/snare - accent @rip.warheart.wav,snare
drum_samples/kick/Jump Kick @khemics_.wav,kick
drum_samples/808/808 - silo zay @didusayaster.wav,808
drum_samples/snare/snare (trippie).wav,snare
drum_samples/clap/CLAP - MALFUNCTION [MUSGO].wav,clap
drum_samples/snare/Ryder loves this SN @khemics_.wav,snare
drum_samples/hihat/HI HAT - CASH [MUSGO].wav,hihat
drum_samples/snare/SNARE - ROCK_BAND [GINSENG].wav,snare
drum_samples/snare/snare (taliban).wav,snare
drum_samples/openhat/OPENHAT_PIERCE_CXSKET.wav,openhat
drum_samples/kick/KICK - FINAL TRACK [GINSENG].wav,kick
drum_samples/openhat/OPENHAT_KISS_CXSKET.wav,openhat
drum_samples/hihat/Sharp HH @khemics_.wav,hihat
drum_samples/snare/alt f4 [snare].wav,snare
drum_samples/clap/paint clap.wav,clap
drum_samples/openhat/stranger open hat @thecxdy.wav,openhat
drum_samples/openhat/open hat - spam @didusayaster.wav,openhat
drum_samples/openhat/open hat (28).wav,openhat
drum_samples/snare/Owl SN @khemics_.wav,snare
drum_samples/snare/Industry SN @khemics_.wav,snare
drum_samples/snare/Snare (Coconut Oil).wav,snare
drum_samples/openhat/open hat (48).wav,openhat
drum_samples/hihat/HI HAT - SWEET DAMAGE [GINSENG].wav,hihat
drum_samples/hihat/HI HAT - MULSANNE [MISOGI].wav,hihat
drum_samples/openhat/OPENHAT_LITE_CXSKET.wav,openhat
drum_samples/808/808 (85).wav,808
drum_samples/openhat/[] open - zelda.wav,openhat
drum_samples/hihat/HH (Bottom).wav,hihat
drum_samples/kick/KICK - STATUS ONLINE [GINSENG].wav,kick
drum_samples/openhat/open hat (6).wav,openhat
drum_samples/kick/Dynox - Japan Kick @dynoxmusic.wav,kick
drum_samples/808/808 (27).wav,808
drum_samples/808/trunk 808 @thecxdy ~patreon~.wav,808
drum_samples/808/germ x 808 @thecxdy.wav,808
drum_samples/hihat/hi hat (52).wav,hihat
drum_samples/kick/METRO Kick.wav,kick
drum_samples/808/smoove 808.wav,808
drum_samples/clap/CLAP - DIRTYBIT [GINSENG].wav,clap
drum_samples/openhat/Open Hat.wav,openhat
drum_samples/clap/clap - lua @didusayaster.wav,clap
drum_samples/snare/snare - broke @didusayaster.wav,snare
drum_samples/snare/Kamikaze SN @khemics_.wav,snare
drum_samples/808/808 (59).wav,808
drum_samples/snare/SNARE - LOWERCASE PINK [GINSENG].wav,snare
drum_samples/hihat/HI HAT - MAYHEM [MISOGI].wav,hihat
drum_samples/808/Cymatics - 808 Toasty (C).wav,808
drum_samples/openhat/fractured open hat @thecxdy.wav,openhat
drum_samples/openhat/OPEN HAT - ENGINE [MUSGO].wav,openhat
drum_samples/kick/Kick (Usual).wav,kick
drum_samples/openhat/OH (Doubler).wav,openhat
drum_samples/clap/CLAP CURSE 9ANYAL.wav,clap
drum_samples/snare/SNARE TRAPAHOLICS.wav,snare
drum_samples/openhat/caffeine open hat @thecxdy.wav,openhat
drum_samples/hihat/HI HAT - WE'RE TOXIC [GINSENG].wav,hihat
drum_samples/kick/NOST - Kick 06.wav,kick
drum_samples/hihat/HI HAT - PROXY [GINSENG].wav,hihat
drum_samples/kick/Dynox - Dime Kick @dynoxmusic.wav,kick
drum_samples/808/808 (68).wav,808
drum_samples/808/MT2_Ufo 808.wav,808
drum_samples/clap/CLAP_KEPT_CXSKET.wav,clap
drum_samples/808/808 - free smoke.wav,808
drum_samples/kick/LC Dark Kick 2.wav,kick
drum_samples/808/808 3.wav,808
drum_samples/hihat/claptrap [hh].wav,hihat
drum_samples/808/oreo 808 @thecxdy.wav,808
drum_samples/snare/snare [sorcery].wav,snare
drum_samples/snare/SNARE_REWIND_CXSKET.wav,snare
drum_samples/808/dreamcast2 808 (2).wav,808
drum_samples/hihat/fav hh.wav,hihat
drum_samples/808/nasty 808 @thecxdy.wav,808
drum_samples/kick/Kick - [Black Letter] @looplegend_.wav,kick
drum_samples/kick/KICK - weak asl.wav,kick
drum_samples/808/808 - heartbreak @rip.warheart.wav,808
drum_samples/snare/plugg sn.wav,snare
drum_samples/snare/classy sn @thecxdy.wav,snare
drum_samples/hihat/hi hat (6).wav,hihat
drum_samples/snare/SNARE - GLOW [GINSENG].wav,snare
drum_samples/openhat/open hat (9).wav,openhat
drum_samples/808/dreamcast2 808 (5).wav,808
drum_samples/kick/TWAT 1 Kick.wav,kick
drum_samples/snare/Snare (Snapper).wav,snare
drum_samples/clap/CLAP - WARRIOR [MISOGI].wav,clap
drum_samples/808/808 - [Soft Spinz] @looplegend_.wav,808
drum_samples/kick/kick [hole].wav,kick
drum_samples/clap/14 (STOOPIDXOOL v2).wav,clap
drum_samples/kick/Kick - [Banger] @looplegend_.wav,kick
drum_samples/hihat/HIHAT - CHEERLEADER - CXSKET.wav,hihat
drum_samples/snare/MT2_Wrong Snare.wav,snare
drum_samples/808/808 - silo old 808 @didusayaster.wav,808
drum_samples/hihat/Hi Hat - [Wrong] @looplegend_.wav,hihat
drum_samples/hihat/HH 19.wav,hihat
drum_samples/snare/SNARE - VELVET BLADE [GINSENG].wav,snare
drum_samples/hihat/HIHAT - 500 - ICON.wav,hihat
drum_samples/hihat/HH #4 @taddybbear.wav,hihat
drum_samples/808/808 (backend).wav,808
drum_samples/808/808 - trust.wav,808
drum_samples/clap/clap (go).wav,clap
drum_samples/clap/CLAP - BLUETOOTH [GINSENG].wav,clap
drum_samples/snare/dreamcast2 Snare (16).wav,snare
drum_samples/snare/[] snare - inspire.wav,snare
drum_samples/hihat/hi hat (36).wav,hihat
drum_samples/kick/[] kick - ragestar.wav,kick
drum_samples/snare/SNARE_EMPIRE_CXSKET.wav,snare
drum_samples/hihat/NOST - Open Hi Hat 02.wav,hihat
drum_samples/kick/Essential kick 2.wav,kick
drum_samples/hihat/HIHAT DOLCE 9ANYAL.wav,hihat
drum_samples/openhat/MT2_Matrix OH.wav,openhat
drum_samples/openhat/#bama open crash (tempo sync_d) @thecxdy.wav,openhat
drum_samples/snare/snare (boyz).wav,snare
drum_samples/hihat/MT2_Unnamed HH.wav,hihat
drum_samples/hihat/hi hat (48).wav,hihat
drum_samples/snare/Pluto SN @khemics_.wav,snare
drum_samples/snare/SNARE - hacked my snap.wav,snare
drum_samples/hihat/HiHAT_PLAYR_CXSKET.wav,hihat
drum_samples/clap/clap (richguy).wav,clap
drum_samples/kick/dreamcast2 Kick (6).wav,kick
drum_samples/808/cochise 808.wav,808
drum_samples/snare/SNARE - LED [MUSGO].wav,snare
drum_samples/808/blown speakers [808].wav,808
drum_samples/hihat/HH (Iron).wav,hihat
drum_samples/snare/SNARE - ELECTRIC GUITAR [GINSENG].wav,snare
drum_samples/kick/Short kick.wav,kick
drum_samples/openhat/Misery OH @khemics_.wav,openhat
drum_samples/kick/KICK - PIERRE [MISOGI].wav,kick
drum_samples/hihat/HiHAT_SKYBOX_CXSKET.wav,hihat
drum_samples/openhat/oh [tetsuo].wav,openhat
drum_samples/808/boost [808].wav,808
drum_samples/kick/Kick (Boost).wav,kick
drum_samples/clap/Clap (N64_2).wav,clap
drum_samples/snare/snare [golem].wav,snare
drum_samples/snare/Snare 11.wav,snare
drum_samples/clap/CLAP - WONDER [MISOGI].wav,clap
drum_samples/kick/MT2_Polynesian Kick_2.wav,kick
drum_samples/hihat/hihat (groupie).wav,hihat
drum_samples/kick/kick [paradise].wav,kick
drum_samples/snare/Save SN @khemics_.wav,snare
drum_samples/hihat/Antidote HH @khemics_.wav,hihat
drum_samples/kick/Kick 6.wav,kick
drum_samples/hihat/HH (Slicer).wav,hihat
drum_samples/clap/NOST - Clap 10.wav,clap
drum_samples/808/808 (76).wav,808
drum_samples/clap/CLAP_FORTUNE_CXSKET.wav,clap
drum_samples/808/Long 808.wav,808
drum_samples/openhat/squish oh.wav,openhat
drum_samples/hihat/HI HAT - CARTIER HER [GINSENG].wav,hihat
drum_samples/clap/clap (11).wav,clap
drum_samples/snare/wocky snare.wav,snare
drum_samples/snare/ting [snare].wav,snare
drum_samples/808/urwish [808].wav,808
drum_samples/hihat/Zay Hi Hat copy.wav,hihat
drum_samples/snare/SNARE - LIGHT [GINSENG].wav,snare
drum_samples/kick/KICK - nice.wav,kick
drum_samples/hihat/hi hat (28).wav,hihat
drum_samples/clap/6 (MEXIKODRO).wav,clap
drum_samples/808/Census 808 @khemics_.wav,808
drum_samples/808/808 (Tunnel Vision).wav,808
drum_samples/808/808 (19).wav,808
drum_samples/kick/gucci kick.wav,kick
drum_samples/clap/CLAP - ELIXIR [MISOGI].wav,clap
drum_samples/hihat/hh [joker].wav,hihat
drum_samples/kick/Dynox - Jewel Kick @dynoxmusic.wav,kick
drum_samples/snare/dreamcast2 Snare (1).wav,snare
drum_samples/snare/SNARE - SOFT METAL [GINSENG].wav,snare
drum_samples/clap/clap - trees @didusayaster.wav,clap
drum_samples/hihat/HIHAT WHITEOUT 9ANYAL.wav,hihat
drum_samples/clap/DANIKIYOKO Clap 6.wav,clap
drum_samples/hihat/Classic hat 3.wav,hihat
drum_samples/snare/snare [magic].wav,snare
drum_samples/hihat/trinket hh.wav,hihat
drum_samples/clap/Clap copy.wav,clap
drum_samples/clap/CLAP - TWINKLE GLITCH [GINSENG].wav,clap
drum_samples/snare/[] snare - ponk.wav,snare
drum_samples/kick/kick (8).wav,kick
drum_samples/snare/Snare (Open Book).wav,snare
drum_samples/808/Ayeplu$ - Butter 808.wav,808
drum_samples/snare/NOST - Snare 15.wav,snare
drum_samples/kick/NOST - Kick 04.wav,kick
drum_samples/808/ikea 808 @thecxdy.wav,808
drum_samples/openhat/OPEN HAT - OVERDRIVE [MISOGI].wav,openhat
drum_samples/808/808 (Textured Zay2).wav,808
drum_samples/hihat/HH - PONY @shadx2.wav,hihat
drum_samples/808/Cymatics - 808 Phones (C).wav,808
drum_samples/clap/Clap - [Starfall] @looplegend_.wav,clap
drum_samples/snare/SNARE - REVENGER [GINSENG].wav,snare
drum_samples/hihat/HH - WALLET @shadx2.wav,hihat
drum_samples/hihat/hi hat (24).wav,hihat
drum_samples/openhat/OPEN HAT - REBIRTH [MISOGI].wav,openhat
drum_samples/808/Industry zay 2 @khemics_.wav,808
drum_samples/clap/NOST - Clap 09.wav,clap
drum_samples/808/808 (22).wav,808
drum_samples/clap/CLAP_PUNCH_CXSKET.wav,clap
drum_samples/openhat/#bain open crash (tempo sync_d) @thecxdy.wav,openhat
drum_samples/hihat/[] hat - descendant.wav,hihat
drum_samples/snare/[] snare - roaming.wav,snare
drum_samples/hihat/HI-HAT 14 KAZAMA.wav,hihat
drum_samples/openhat/OPEN HAT - GAME_OVER [GINSENG].wav,openhat
drum_samples/hihat/HiHAT_LIGHTHRT_CXSKET.wav,hihat
drum_samples/snare/pop snare.wav,snare
drum_samples/clap/CLAP - AMBER [GINSENG].wav,clap
drum_samples/hihat/Hat 4.wav,hihat
drum_samples/hihat/HAT - hacked my ig.wav,hihat
drum_samples/openhat/OP 3.wav,openhat
drum_samples/snare/SNARE - BLOSSOM [MISOGI].wav,snare
drum_samples/snare/SNARE - ANTIHONEY [GINSENG].wav,snare
drum_samples/snare/[] snare - ragestar.wav,snare
drum_samples/openhat/icy [open].wav,openhat
drum_samples/808/Ayeplu$ - Green Fire 808.wav,808
drum_samples/snare/snare (clout).wav,snare
drum_samples/snare/DANIKIYOKO Snare 6.wav,snare
drum_samples/808/808 (6).wav,808
drum_samples/808/Ayeplu$ - Bed Time (Short) 808.wav,808
drum_samples/snare/Extinction SN @khemics_.wav,snare
drum_samples/snare/NOST - Snare 12.wav,snare
drum_samples/808/808 (13).wav,808
drum_samples/808/LC 808 2.wav,808
drum_samples/808/MT2_Money 808.wav,808
drum_samples/clap/CLAP - CONFLICT [MISOGI].wav,clap
drum_samples/snare/snare - nostalgic @didusayaster.wav,snare
drum_samples/clap/DANIKIYOKO Clap 2.wav,clap
drum_samples/openhat/OPENHAT IRIS 9ANYAL.wav,openhat
drum_samples/kick/NOST - Kick 01.wav,kick
drum_samples/snare/Snare (Tell Me).wav,snare
drum_samples/clap/[] clap - index.wav,clap
drum_samples/hihat/HI HAT - WEBCAM ANGEL [GINSENG].wav,hihat
drum_samples/hihat/hihat - meow @didusayaster.wav,hihat
drum_samples/clap/[] clap - shuhoku.wav,clap
drum_samples/snare/snare [jinzo].wav,snare
drum_samples/snare/Snare 15.wav,snare
drum_samples/hihat/HI HAT - DETOXXX [GINSENG].wav,hihat
drum_samples/808/Dynox - Fourteen 808 @dynoxmusic.wav,808
drum_samples/openhat/OPEN HAT - BELL [MUSGO].wav,openhat
drum_samples/808/808 - [Spinz] @looplegend_.wav,808
drum_samples/808/808 (Dough).wav,808
drum_samples/hihat/hi hat (5).wav,hihat
drum_samples/808/rant 808.wav,808
drum_samples/clap/Clap - [Slap] @looplegend_.wav,clap
drum_samples/clap/clap - pleg @rip.warheart.wav,clap
drum_samples/clap/CLAP - HOLLOW FREQUENCIES [GINSENG].wav,clap
drum_samples/snare/SNARE - VOICES [GINSENG].wav,snare
drum_samples/808/no lie 808.wav,808
drum_samples/snare/SNARE - KARAOKE [GINSENG].wav,snare
drum_samples/snare/Memphis Sn @khemics_.wav,snare
drum_samples/openhat/oh [crystal].wav,openhat
drum_samples/hihat/NOST - Open Hi Hat 04.wav,hihat
drum_samples/snare/bank snare.wav,snare
drum_samples/kick/Kick 8.wav,kick
drum_samples/808/SPINZ 808 copy.wav,808
drum_samples/808/808 (I Tried).wav,808
drum_samples/kick/Rack Kick copy 3.wav,kick
drum_samples/clap/CLAP SPARK 9ANYAL.wav,clap
drum_samples/clap/clap - sus @didusayaster.wav,clap
drum_samples/808/! Miratouch 808 @khemics_.wav,808
drum_samples/snare/SNARE - idk.wav,snare
drum_samples/808/dna 808 @thecxdy.wav,808
drum_samples/openhat/[] open - dream.wav,openhat
drum_samples/kick/Kick 19.wav,kick
drum_samples/openhat/open hat (21).wav,openhat
drum_samples/snare/XanGang Snare  (10).wav,snare
drum_samples/openhat/open hat (18).wav,openhat
drum_samples/808/808 - inspire.wav,808
drum_samples/kick/kick (6).wav,kick
drum_samples/kick/Destructo Disc (Kick).wav,kick
drum_samples/808/NOST - 808 #10 (E).wav,808
drum_samples/openhat/MT2_Jetix OH.wav,openhat
drum_samples/snare/Snare - [Call] @looplegend_.wav,snare
drum_samples/openhat/OPEN HAT 3 KAZAMA.wav,openhat
drum_samples/snare/Alex Snare.wav,snare
drum_samples/clap/swag [clap].wav,clap
drum_samples/808/expo 808 @thecxdy.wav,808
drum_samples/openhat/open hat (29).wav,openhat
drum_samples/snare/sypha sn @thecxdy.wav,snare
drum_samples/kick/[] kick - descendant.wav,kick
drum_samples/hihat/hi hat (26).wav,hihat
drum_samples/clap/clap (jacksonville).wav,clap
drum_samples/openhat/OH #2 @taddybbear.wav,openhat
drum_samples/hihat/hihat - nah bro that's just the normal tag @rip.warheart.wav,hihat
drum_samples/snare/SNARE - ONSEN [GINSENG].wav,snare
drum_samples/808/808 (91).wav,808
drum_samples/808/808 (1).wav,808
drum_samples/openhat/OPEN HAT - SUBTITLES [GINSENG].wav,openhat
drum_samples/clap/MT2_Pack Clap.wav,clap
drum_samples/kick/womp kick.wav,kick
drum_samples/hihat/hi hat (49).wav,hihat
drum_samples/808/stamp 808.wav,808
drum_samples/clap/CLAP GLOSS 9ANYAL.wav,clap
drum_samples/snare/SNARE - DMC [MUSGO].wav,snare
drum_samples/kick/kick (4).wav,kick
drum_samples/clap/clap [grain 2].wav,clap
drum_samples/808/808 (Hurricane).wav,808
drum_samples/clap/Reverse clap 3.wav,clap
drum_samples/hihat/HAT - bourne.wav,hihat
drum_samples/808/808 - sum wierd shit.wav,808
drum_samples/hihat/[] hat - index.wav,hihat
drum_samples/kick/kick (1).wav,kick
drum_samples/hihat/Dirt hat.wav,hihat
drum_samples/hihat/hi hat (51).wav,hihat
drum_samples/kick/KICK - NOISE [GINSENG].wav,kick
drum_samples/808/808 15.wav,808
drum_samples/808/808 [slime].wav,808
drum_samples/hihat/lucki.wav,hihat
drum_samples/clap/Bootleg Clap @khemics_.wav,clap
drum_samples/openhat/openhat (hiccup).wav,openhat
drum_samples/808/808 1 copy.wav,808
drum_samples/snare/snare (6).wav,snare
drum_samples/808/ooo 808.wav,808
drum_samples/clap/Crisp Clap 2 @khemics_.wav,clap
drum_samples/snare/snare3.mp3,snare
drum_samples/snare/Snare 17.wav,snare
drum_samples/snare/Snare 10.wav,snare
drum_samples/hihat/MT2_Name HH.wav,hihat
drum_samples/808/808 (36).wav,808
drum_samples/openhat/OPEN HAT - SO MUCH SORROW [GINSENG].wav,openhat
drum_samples/808/808 - [Zaytoven] @looplegend_.wav,808
drum_samples/snare/SNARE - O [MUSGO].wav,snare
drum_samples/clap/pint clap @thecxdy.wav,clap
drum_samples/openhat/OH #8 @taddybbear.wav,openhat
drum_samples/clap/clap (20).wav,clap
drum_samples/clap/Clap (Wide&Low).wav,clap
drum_samples/808/MT2_Paradox 808.wav,808
drum_samples/clap/clap (purplepotion).wav,clap
drum_samples/snare/SNARE - EARTH [MUSGO].wav,snare
drum_samples/snare/MT2_Lemonlime Snare.wav,snare
drum_samples/openhat/oh [castle].wav,openhat
drum_samples/808/808 (66).wav,808
drum_samples/clap/CLAP - BLOSSOM [GINSENG].wav,clap
drum_samples/hihat/clicker hh @thecxdy.wav,hihat
drum_samples/808/808 10.wav,808
drum_samples/clap/NOST - Clap 01.wav,clap
drum_samples/hihat/hi hat (45).wav,hihat
drum_samples/clap/perfect clap.wav,clap
drum_samples/snare/snare [necro].wav,snare
drum_samples/snare/[] snare - rave bae.wav,snare
drum_samples/snare/SNARE - XOXO [GINSENG].wav,snare
drum_samples/openhat/OPEN HAT - EXODIA [MISOGI].wav,openhat
drum_samples/clap/DANIKIYOKO Clap 7.wav,clap
drum_samples/snare/dreamcast2 Snare (14).wav,snare
drum_samples/openhat/open hat (1).wav,openhat
drum_samples/snare/SNARE - skinny and high.wav,snare
drum_samples/clap/omg klap.wav,clap
drum_samples/hihat/HI-HAT - WRONG (@____alx).wav,hihat
drum_samples/openhat/OH (Click & Twist).wav,openhat
drum_samples/clap/clap (28).wav,clap
drum_samples/clap/twitch clap.wav,clap
drum_samples/snare/dreamcast2 Snare (11).wav,snare
drum_samples/clap/clap (24).wav,clap
drum_samples/clap/NOST - Clap 08.wav,clap
drum_samples/openhat/OH - ROBIN @shadx2.wav,openhat
drum_samples/hihat/HI HAT - 6SINS [MISOGI].wav,hihat
drum_samples/hihat/HH 17.wav,hihat
drum_samples/snare/snare (texas).wav,snare
drum_samples/hihat/hi hat (13).wav,hihat
drum_samples/hihat/HiHAT_TIFFANY_CXSKET.wav,hihat
drum_samples/808/808 (98).wav,808
drum_samples/openhat/open hat (3).wav,openhat
drum_samples/snare/SNARE - STATIONGATE [GINSENG].wav,snare
drum_samples/snare/snare (19).wav,snare
drum_samples/hihat/HH 18.wav,hihat
drum_samples/hihat/NOST - Open Hi Hat 09.wav,hihat
drum_samples/snare/snare [exodia].wav,snare
drum_samples/openhat/[] open - mikoto.wav,openhat
drum_samples/clap/CLAP - PLASTIC KISS [GINSENG].wav,clap
drum_samples/hihat/HI-HAT - IDFK (@____alx).wav,hihat
drum_samples/hihat/hh [sailor].wav,hihat
drum_samples/clap/clap (mollycranberry).wav,clap
drum_samples/snare/SNARE - BUBBLEGUM @shadx2.wav,snare
drum_samples/hihat/Industry 3 Hihat @khemics_.wav,hihat
drum_samples/hihat/HiHAT_MODEL_CXSKET.wav,hihat
drum_samples/clap/CLAP - INDIA [MUSGO].wav,clap
drum_samples/clap/CLAP - FLOWER [MISOGI].wav,clap
drum_samples/hihat/HIHAT - GINSENG - CXSKET.wav,hihat
drum_samples/clap/CLAP - AFRICA [MUSGO].wav,clap
drum_samples/clap/clap (33).wav,clap
drum_samples/808/808 - harry potter.wav,808
drum_samples/clap/clap (3).wav,clap
drum_samples/snare/snare (juveniles).wav,snare
drum_samples/clap/clap (candlelit).wav,clap
drum_samples/kick/KICK - rack.wav,kick
drum_samples/clap/clap - bih slap @rip.warheart.wav,clap
drum_samples/kick/kankan tweaked dp kick.wav,kick
drum_samples/hihat/Anxiety 2 HH @khemics_.wav,hihat
drum_samples/808/808 - money spread.flac,808
drum_samples/clap/Leyva Clap @khemics_.wav,clap
drum_samples/hihat/NOST - Open Hi Hat 07.wav,hihat
drum_samples/hihat/HI HAT - DISCO PANIC [GINSENG].wav,hihat
drum_samples/clap/kan clap @thecxdy.wav,clap
drum_samples/kick/Kick 13.wav,kick
drum_samples/openhat/Simple OH @khemics_.wav,openhat
drum_samples/hihat/HH #3 @taddybbear.wav,hihat
drum_samples/hihat/PLUG HI HAT (4).wav,hihat
drum_samples/snare/SNARE - FALLING [MISOGI].wav,snare
drum_samples/clap/CLAP - WHITE [MUSGO].wav,clap
drum_samples/snare/SNARE_KILLSWITCH_CXSKET.wav,snare
drum_samples/hihat/HI HAT - HARDCOREDISORDER [GINSENG].wav,hihat
drum_samples/clap/clip clap.wav,clap
drum_samples/clap/[] clap - gucci.wav,clap
drum_samples/openhat/OH #9 @taddybbear.wav,openhat
drum_samples/808/808 - shuhoku.wav,808
drum_samples/808/808 (60).wav,808
drum_samples/openhat/Move OH @khemics_.wav,openhat
drum_samples/openhat/OPEN HAT - DELAY [GINSENG].wav,openhat
drum_samples/hihat/HI HAT - RACER [GINSENG].wav,hihat
drum_samples/hihat/hh [akira].wav,hihat
drum_samples/808/gore 808 @thecxdy ~patreon~.wav,808
drum_samples/snare/SNARE - DETROIT [MUSGO].wav,snare
drum_samples/hihat/Agressive HH @khemics_.wav,hihat
drum_samples/808/808 (31).wav,808
drum_samples/snare/Subtle SN @khemics_.wav,snare
drum_samples/808/Ayeplu$ - Song Bird 808.wav,808
drum_samples/snare/Snare 1.wav,snare
drum_samples/openhat/open hat (40).wav,openhat
drum_samples/hihat/MT2_Cactus HH.wav,hihat
drum_samples/clap/clap (blush).wav,clap
drum_samples/808/Dynox - Transcend 808 @dynoxmusic.wav,808
drum_samples/808/zay 808 copy.wav,808
drum_samples/clap/High Clap @khemics_.wav,clap
drum_samples/808/jungle 808.wav,808
drum_samples/clap/half clap.wav,clap
drum_samples/snare/Drill Snare.wav,snare
drum_samples/808/808 (87).wav,808
drum_samples/808/808 (94).wav,808
drum_samples/snare/MT2_United Snare.wav,snare
drum_samples/snare/Snare 13.wav,snare
drum_samples/openhat/OP 7.wav,openhat
drum_samples/clap/Clap (Muddy).wav,clap
drum_samples/snare/Snare (Baby).wav,snare
drum_samples/hihat/HI HAT - TUMBLR [GINSENG].wav,hihat
drum_samples/808/808 (70).wav,808
drum_samples/clap/CLAP - PURPLE [MISOGI].wav,clap
drum_samples/hihat/MT2_Welders HH.wav,hihat
drum_samples/kick/MT2_HYPE Kick_2.wav,kick
drum_samples/snare/snare (mudd).wav,snare
drum_samples/clap/CLAP - BRAZIL [MUSGO].wav,clap
drum_samples/snare/LC Dark Snare 3.wav,snare
drum_samples/clap/Clap 1.wav,clap
drum_samples/snare/snare (impossible).wav,snare
drum_samples/808/XanGang 808  (3).wav,808
drum_samples/snare/MT2_Ball Snare.wav,snare
drum_samples/kick/Dynox - Crush Kick @dynoxmusic.wav,kick
drum_samples/snare/Attitude SN @khemics_.wav,snare
drum_samples/snare/SNARE - NICOTINEWINGS [GINSENG].wav,snare
drum_samples/openhat/OPEN HAT - GHOST HUM [GINSENG].wav,openhat
drum_samples/clap/clap (14).wav,clap
drum_samples/snare/SNARE_SKYLINE_CXSKET.wav,snare
drum_samples/hihat/HH 8.wav,hihat
drum_samples/808/ICYTWAT 2 808.wav,808
drum_samples/openhat/OPENHAT BLISS 9ANYAL.wav,openhat
drum_samples/clap/CLAP - gummo.wav,clap
drum_samples/openhat/OPEN HAT - COMET [MUSGO].wav,openhat
drum_samples/hihat/LC Dark Hat 1.wav,hihat
drum_samples/hihat/Hi-Hat (Come With Me).wav,hihat
drum_samples/snare/SNARE - WHITE WINGS [GINSENG].wav,snare
drum_samples/kick/dreamcast2 Kick (5).wav,kick
drum_samples/808/MT2_Signature SUB.wav,808
drum_samples/clap/Clap - [Merge] @looplegend_.wav,clap
drum_samples/808/808 (32).wav,808
drum_samples/snare/SNARE - CELINE [MISOGI].wav,snare
drum_samples/clap/clap (notme).wav,clap
drum_samples/kick/KICK #2 @taddybbear.wav,kick
drum_samples/openhat/OPENHAT_FOREST_CXSKET.wav,openhat
drum_samples/808/808 - alt zay @rip.warheart.wav,808
drum_samples/808/MT2_Raze 808.wav,808
drum_samples/hihat/o well hh @thecxdy.wav,hihat
drum_samples/808/808 - bourne.wav,808
drum_samples/openhat/Wizard OH @khemics_.wav,openhat
drum_samples/snare/snare (stackin).wav,snare
drum_samples/snare/snare (3).wav,snare
drum_samples/808/Haze 808 @khemics_.wav,808
drum_samples/snare/SNARE_RUST_CXSKET.wav,snare
drum_samples/snare/c0mb0 live alt sn @thecxdy.wav,snare
drum_samples/808/MT2_Delta 808.wav,808
drum_samples/snare/snare (trav).wav,snare
drum_samples/snare/21 sn @thecxdy.wav,snare
drum_samples/snare/SNARE - BLACK DRESS [GINSENG].wav,snare
drum_samples/hihat/HI HAT - DOPEBOY [MISOGI].wav,hihat
drum_samples/openhat/OPEN HAT - 90210 [MISOGI].wav,openhat
drum_samples/hihat/trick hh.wav,hihat
drum_samples/hihat/hi hat (29).wav,hihat
drum_samples/snare/SNARE BULLET 9ANYAL.wav,snare
drum_samples/snare/DANIKIYOKO Snare 4.wav,snare
drum_samples/clap/LC Dark Clap 2.wav,clap
drum_samples/hihat/HIHAT - BIK3R THREE - ICON.wav,hihat
drum_samples/hihat/HI HAT - UNITY [GINSENG].wav,hihat
drum_samples/clap/CLAP_FEELING_CXSKET.wav,clap
drum_samples/openhat/open hat (25).wav,openhat
drum_samples/snare/SNARE - FLOWERACHE [GINSENG].wav,snare
drum_samples/kick/[] kick - zelda.wav,kick
drum_samples/hihat/pierre hat.wav,hihat
drum_samples/808/808 (56).wav,808
drum_samples/hihat/LC Dark Hat 2.wav,hihat
drum_samples/clap/[] clap - descendant.wav,clap
drum_samples/snare/NOST - Snare 09.wav,snare
drum_samples/hihat/hi hat (3).wav,hihat
drum_samples/openhat/Open-hat 4.wav,openhat
drum_samples/clap/Clap - [Dry] @looplegend_.wav,clap
drum_samples/hihat/HiHAT_TOKYO_CXSKET.wav,hihat
drum_samples/hihat/HH (Regional).wav,hihat
drum_samples/hihat/HI HAT - SELECT [MUSGO].wav,hihat
drum_samples/hihat/HI HAT - REHAB [GINSENG].wav,hihat
drum_samples/808/808 (89).wav,808
drum_samples/snare/SNARE_ALCHEMY_CXSKET.wav,snare
drum_samples/kick/Kick 11.wav,kick
drum_samples/hihat/hi hat (14).wav,hihat
drum_samples/hihat/HI HAT - FISHSCALE [MISOGI].wav,hihat
drum_samples/snare/NOST - Snare 03.wav,snare
drum_samples/openhat/Render OH @khemics_.wav,openhat
drum_samples/snare/tank [snare].wav,snare
drum_samples/snare/SNARE - CLAMS [GINSENG].wav,snare
drum_samples/openhat/OPEN HAT - EPISODE ONE [GINSENG].wav,openhat
drum_samples/kick/kick [instinct].wav,kick
drum_samples/clap/CLAP - LIGHTFALL [MISOGI].wav,clap
drum_samples/hihat/HiHAT_PNK_CXSKET.wav,hihat
drum_samples/snare/Dynox - Bit Snare @dynoxmusic.wav,snare
drum_samples/openhat/OPENHAT_WASTED_CXSKET.wav,openhat
drum_samples/808/808 - sus @didusayaster.wav,808
drum_samples/hihat/HH - TICKLER @shadx2.wav,hihat
drum_samples/808/Viral 808.wav,808
drum_samples/808/808 (26).wav,808
drum_samples/openhat/oh [coke].wav,openhat
drum_samples/clap/clap (48).wav,clap
drum_samples/clap/CLAP - BLADERAIN [GINSENG].wav,clap
drum_samples/808/808 - mari @rip.warheart.wav,808
drum_samples/hihat/HI HAT - WARNING [GINSENG].wav,hihat
drum_samples/kick/kick (5).wav,kick
drum_samples/snare/{PNB} Snare.wav,snare
drum_samples/openhat/OPEN HAT 15 KAZAMA.wav,openhat
drum_samples/openhat/open hat - zendaya @rip.warheart.wav,openhat
drum_samples/hihat/HIHAT YUN 9ANYAL.wav,hihat
drum_samples/808/Casanova 808 @khemics_.wav,808
drum_samples/kick/NOST - Kick 07.wav,kick
drum_samples/openhat/open hat (51).wav,openhat
drum_samples/hihat/Hat 2.wav,hihat
drum_samples/808/808 (3).wav,808
drum_samples/808/808 (39).wav,808
drum_samples/hihat/Hat (1).wav,hihat
drum_samples/hihat/HI HAT - SIGNAL ACHE [GINSENG].wav,hihat
drum_samples/snare/NOST - Snare 10.wav,snare
drum_samples/hihat/HI HAT - OXYGEN [GINSENG].wav,hihat
drum_samples/snare/GoSNR2.wav,snare
drum_samples/hihat/Hi-Hat 2.wav,hihat
drum_samples/808/angelika 808 @thecxdy ~patreon~.wav,808
drum_samples/808/MT2_Submarina 808.wav,808
drum_samples/kick/Daityas - Chappal Kick.wav,kick
drum_samples/kick/Kick 15.wav,kick
drum_samples/808/808 - [LoD] @looplegend_.wav,808
drum_samples/kick/kick [luna].wav,kick
drum_samples/kick/rack kick.wav,kick
drum_samples/snare/snare (bigbro).wav,snare
drum_samples/808/808 - joker.wav,808
drum_samples/openhat/open hat (22).wav,openhat
drum_samples/808/Rare 808.wav,808
drum_samples/snare/snare (1).wav,snare
drum_samples/808/telephone 808 @thecxdy.wav,808
drum_samples/808/spank 808.wav,808
drum_samples/hihat/HiHAT_SHOPLIFT_CXSKET.wav,hihat
drum_samples/snare/SNARE_CRUSADERS_CXSKET.wav,snare
drum_samples/snare/SNARE_AXE_CXSKET.wav,snare
drum_samples/hihat/Classic hat 2.wav,hihat
drum_samples/openhat/open hat (2).wav,openhat
drum_samples/snare/NOST - Snare 06.wav,snare
drum_samples/kick/[] kick - mikoto.wav,kick
drum_samples/808/gooey 808.wav,808
drum_samples/808/808 (81).wav,808
drum_samples/hihat/hihat (highroller).wav,hihat
drum_samples/808/MT2_Potent 808.wav,808
drum_samples/openhat/OH (Downward).wav,openhat
drum_samples/kick/MT2_NuckinFuts Kick.wav,kick
drum_samples/clap/clap (skorpion).wav,clap
drum_samples/openhat/OPEN HAT - REVERSE [MUSGO].wav,openhat
drum_samples/openhat/OH - CHAINZ @shadx2.wav,openhat
drum_samples/808/Ayeplu$ - Green Fire (Short) 808.wav,808
drum_samples/clap/short reverb clap.wav,clap
drum_samples/snare/SNARE - BLACKOUT [GINSENG].wav,snare
drum_samples/kick/KICK #1 @taddybbear.wav,kick
drum_samples/snare/SNARE #8 @taddybbear.wav,snare
drum_samples/hihat/Industry Hihat @khemics_.wav,hihat
drum_samples/hihat/lightweight [hh].wav,hihat
drum_samples/snare/XanGang Snare.wav,snare
drum_samples/hihat/MT2_Tenant HH.wav,hihat
drum_samples/hihat/loot hh @thecxdy.wav,hihat
drum_samples/snare/SNARE_SKI_CXSKET.wav,snare
drum_samples/808/Dirt 808.wav,808
drum_samples/clap/Clap (Cash).wav,clap
drum_samples/openhat/Fragmented OH @khemics_.wav,openhat
drum_samples/openhat/Dynox - Piper OpenHat @dynoxmusic.wav,openhat
drum_samples/hihat/Hi HH @khemics_.wav,hihat
drum_samples/kick/MT2_Cereal Kick.wav,kick
drum_samples/clap/Distort clap.wav,clap
drum_samples/hihat/HiHAT_TRENCH_CXSKET.wav,hihat
drum_samples/openhat/OPEN HAT - LOST TAPE [GINSENG].wav,openhat
drum_samples/openhat/OH - sonny digital.wav,openhat
drum_samples/hihat/Reverse hat 5.wav,hihat
drum_samples/openhat/OH (LoLo).wav,openhat
drum_samples/808/808 (78).wav,808
drum_samples/openhat/Nukem Open Hat.wav,openhat
drum_samples/hihat/HI HAT - INTERNATIONAL [GINSENG].wav,hihat
drum_samples/808/808 - koi @rip.warheart.wav,808
drum_samples/clap/CLAP_SWEET_CXSKET.wav,clap
drum_samples/clap/Dynox - 8bit Clap @dynoxmusic.wav,clap
drum_samples/openhat/open hat (10).wav,openhat
drum_samples/openhat/Stash OH @khemics_.wav,openhat
drum_samples/snare/SNARE #4 @taddybbear.wav,snare
drum_samples/openhat/openhighhat1.mp3,openhat
drum_samples/808/808 (25).wav,808
drum_samples/openhat/open hat (46).wav,openhat
drum_samples/hihat/Space HH @khemics_.wav,hihat
drum_samples/snare/SNARE - URL [GINSENG].wav,snare
drum_samples/hihat/MT2_Glimpse HH.wav,hihat
drum_samples/hihat/HH (Drifter).wav,hihat
drum_samples/clap/clap (47).wav,clap
drum_samples/808/aggressive [808].wav,808
drum_samples/clap/Clap 5.wav,clap
drum_samples/snare/xxtoopid xxnare.wav,snare
drum_samples/clap/! Clap 2 @khemics_.wav,clap
drum_samples/hihat/HAT - lame ni-(im white).wav,hihat
drum_samples/snare/SNARE - NITROME [GINSENG].wav,snare
drum_samples/openhat/open hat - nesquik @didusayaster.wav,openhat
drum_samples/snare/Snare (Conquered).wav,snare
drum_samples/hihat/hi hat (37).wav,hihat
drum_samples/openhat/OPENHAT LIQUID 9ANYAL.wav,openhat
drum_samples/snare/SNARE - DREAMCAST VIDEOGAME SYSTEM [MUSGO].wav,snare
drum_samples/hihat/HH 7.wav,hihat
drum_samples/clap/clap (ballinflossin).wav,clap
drum_samples/clap/clap [trost].wav,clap
drum_samples/clap/strain clap.wav,clap
drum_samples/hihat/hh [storm].wav,hihat
drum_samples/hihat/HAT - zay.wav,hihat
drum_samples/kick/kankan gin$eng kick.wav,kick
drum_samples/openhat/OH - PROBLEMS @shadx2.wav,openhat
drum_samples/808/808 (64).wav,808
drum_samples/openhat/MT2_Green OH.wav,openhat
drum_samples/kick/kick1.mp3,kick
drum_samples/808/808 (52).wav,808
drum_samples/clap/CLAP_EX_CXSKET.wav,clap
drum_samples/openhat/[] open - shuhoku.wav,openhat
drum_samples/hihat/teen gohan hi hat.wav,hihat
drum_samples/clap/clap - wtf @rip.warheart.wav,clap
drum_samples/808/artic 808 @thecxdy ~patreon~.wav,808
drum_samples/hihat/shawty hat.wav,hihat
drum_samples/808/crunch zay 808 @thecxdy ~patreon~.wav,808
drum_samples/kick/NOST - Kick 09.wav,kick
drum_samples/clap/clap - creatine @rip.warheart.wav,clap
drum_samples/808/808 (5).wav,808
drum_samples/808/bones 808 @thecxdy.wav,808
drum_samples/hihat/hihat - hyperpoop @rip.warheart.wav,hihat
drum_samples/hihat/HiHAT_LIV_CXSKET.wav,hihat
drum_samples/kick/scotts [kick].wav,kick
drum_samples/snare/snare (20).wav,snare
drum_samples/clap/clap (hornet).wav,clap
drum_samples/openhat/OH - underneath hats but not rolls.wav,openhat
drum_samples/kick/MT2_Hats Kick.wav,kick
drum_samples/openhat/! Signature 2 OH @khemics_.wav,openhat
drum_samples/clap/Clap (Simple).wav,clap
drum_samples/clap/clap (doublecup).wav,clap
drum_samples/clap/clap - eat ur veggies @rip.warheart.wav,clap
drum_samples/snare/SNARE - HEAVEN [MISOGI].wav,snare
drum_samples/clap/all lights clap @thecxdy.wav,clap
drum_samples/kick/GoKick3.wav,kick
drum_samples/kick/KICK - fasho.wav,kick
drum_samples/hihat/HI HAT - EMOTHERAPY [GINSENG].wav,hihat
drum_samples/clap/sprite clap @thecxdy.wav,clap
drum_samples/clap/Sunday Clap @khemics_.wav,clap
drum_samples/hihat/hihat - memory @rip.warheart.wav,hihat
drum_samples/clap/clap (40).wav,clap
drum_samples/808/808 4.wav,808
drum_samples/808/flyingfish 808.wav,808
drum_samples/kick/kick [dust].wav,kick
drum_samples/808/808 (30).wav,808
drum_samples/hihat/HH (Perky).wav,hihat
drum_samples/clap/madeintyo clap.wav,clap
drum_samples/snare/SNARE - DIOR [GINSENG].wav,snare
drum_samples/hihat/HH - LUST @shadx2.wav,hihat
drum_samples/808/808 (62).wav,808
drum_samples/808/mania 808 @thecxdy.wav,808
drum_samples/snare/2 (Diego Money Snare).wav,snare
drum_samples/openhat/open hat (13).wav,openhat
drum_samples/openhat/spit oh.wav,openhat
drum_samples/hihat/HiHAT_HII_CXSKET.wav,hihat
drum_samples/openhat/Sauce OH @khemics_.wav,openhat
drum_samples/openhat/dot oh.wav,openhat
drum_samples/openhat/oh [harpy].wav,openhat
drum_samples/808/808 - closure.wav,808
drum_samples/808/808 - zay declicked.wav,808
drum_samples/hihat/HI HAT - FLUSH [MUSGO].wav,hihat
drum_samples/808/808 (Peaches).wav,808
drum_samples/808/808 - [Dist Spinz] @looplegend_.wav,808
drum_samples/openhat/Critical OH @khemics_.wav,openhat
drum_samples/snare/snare (8).wav,snare
drum_samples/openhat/OPEN HAT - HEAVY RAIN [GINSENG].wav,openhat
drum_samples/hihat/hh [shake].wav,hihat
drum_samples/hihat/Hi Hat - [West] @looplegend_.wav,hihat
drum_samples/kick/rip kik.wav,kick
drum_samples/clap/clap (migos).wav,clap
drum_samples/808/808 [key].wav,808
drum_samples/clap/social clap.wav,clap
drum_samples/snare/Snare - [Pillow] @looplegend_.wav,snare
drum_samples/snare/kenny snare.wav,snare
drum_samples/snare/snare6.mp3,snare
drum_samples/hihat/(RARE) MexikoDro HiHat.wav,hihat
drum_samples/808/plastic bag 808 @thecxdy.wav,808
drum_samples/hihat/HI HAT - PUMA [GINSENG].wav,hihat
drum_samples/clap/clap (52).wav,clap
drum_samples/808/extendo spinz [808].wav,808
drum_samples/hihat/hihat - ginseng @rip.warheart.wav,hihat
drum_samples/hihat/HH (Sparkler).wav,hihat
drum_samples/808/808 (29).wav,808
drum_samples/clap/clap (26).wav,clap
drum_samples/kick/Urban Kick @khemics_.wav,kick
drum_samples/kick/[] kick - shuhoku.wav,kick
drum_samples/808/808 - tsunami @didusayaster.wav,808
drum_samples/openhat/OPEN HAT - HANDS [MUSGO].wav,openhat
drum_samples/clap/[] clap - zelda.wav,clap
drum_samples/openhat/#scene 1 open crash (tempo sync_d) @thecxdy.wav,openhat
drum_samples/808/brothers keeper 808.wav,808
drum_samples/808/808 - [Silent] @looplegend_.wav,808
drum_samples/hihat/HI HAT - LOW RES [GINSENG].wav,hihat
drum_samples/openhat/OP 10.wav,openhat
drum_samples/hihat/hi hat (25).wav,hihat
drum_samples/snare/SNARE CHOP RB3.wav,snare
drum_samples/snare/SNARE.wav,snare
drum_samples/kick/Kick 2.wav,kick
drum_samples/openhat/down oh.wav,openhat
drum_samples/clap/NOST - Clap 15.wav,clap
drum_samples/snare/SNARE - CULT [MUSGO].wav,snare
drum_samples/openhat/Open Hat - [Classic Short] @looplegend_.wav,openhat
drum_samples/808/Dynox - Growl 808 @dynoxmusic.wav,808
drum_samples/808/808 (33).wav,808
drum_samples/hihat/HiHAT_COLDVISION_CXSKET.wav,hihat
drum_samples/snare/filler sn @thecxdy.wav,snare
drum_samples/808/ICYTWAT 808.wav,808
drum_samples/808/+outheway 808 @thecxdy.wav,808
drum_samples/808/808 (40).wav,808
drum_samples/snare/SNARE_PIC_CXSKET.wav,snare
drum_samples/kick/Kick 12.wav,kick
drum_samples/808/808 (97).wav,808
drum_samples/hihat/Simplistic HH @khemics_.wav,hihat
drum_samples/clap/MT2_Clap 1.wav,clap
drum_samples/hihat/Hi-Hat 1.wav,hihat
drum_samples/openhat/Open Hat - [Bite] @looplegend_.wav,openhat
drum_samples/clap/clap (54).wav,clap
drum_samples/hihat/HI-HAT 17 KAZAMA.wav,hihat
drum_samples/clap/filter clap.wav,clap
drum_samples/snare/Snare (Flyer).wav,snare
drum_samples/808/808 (41).wav,808
drum_samples/808/canceled project 808 @thecxdy ~patreon~.wav,808
drum_samples/hihat/hihat - soft @didusayaster.wav,hihat
drum_samples/808/808 - longing @rip.warheart.wav,808
drum_samples/kick/Essential kick 1.wav,kick
drum_samples/openhat/open hat (19).wav,openhat
drum_samples/808/XanGang Sub  (2).wav,808
drum_samples/hihat/[] hat - dream.wav,hihat
drum_samples/808/808 (43).wav,808
drum_samples/clap/CLAP - PINK [MUSGO].wav,clap
drum_samples/808/tajin 808 @thecxdy.wav,808
drum_samples/snare/dreamcast2 Snare (2).wav,snare
drum_samples/snare/quack snare.wav,snare
drum_samples/openhat/OP 13.wav,openhat
drum_samples/808/808 - cheesed.wav,808
drum_samples/clap/CLAP - BLOOM TONE [GINSENG].wav,clap
drum_samples/hihat/HI-HAT - REJECT (@prod_jasper).wav,hihat
drum_samples/hihat/HiHAT_JUMPIN_CXSKET.wav,hihat
drum_samples/kick/Port Kick @khemics_.wav,kick
drum_samples/openhat/Bounce OH @khemics_.wav,openhat
drum_samples/kick/guess who [kick].wav,kick
drum_samples/clap/MT2_K Clap.wav,clap
drum_samples/808/Ayeplu$ - Break Dance (Short) 808.wav,808
drum_samples/kick/Kick (Soul).wav,kick
drum_samples/hihat/hi hat (53).wav,hihat
drum_samples/snare/snare [spell].wav,snare
drum_samples/snare/SNARE - HI-FI HEARTBREAK [GINSENG].wav,snare
drum_samples/808/Ayeplu$ - Lap Dance 808.wav,808
drum_samples/clap/clap - post nut clarity @rip.warheart.wav,clap
drum_samples/808/808 1.wav,808
drum_samples/hihat/HH (Aircon).wav,hihat
drum_samples/808/808 20.wav,808
drum_samples/808/808 9.wav,808
drum_samples/hihat/[] hat - yeet.wav,hihat
drum_samples/808/808 - gummo.wav,808
drum_samples/hihat/HH (Phaser).wav,hihat
drum_samples/kick/mathiastyner - 000.wav,kick
drum_samples/clap/Klap1.wav,clap
drum_samples/snare/snare (11).wav,snare
drum_samples/clap/NOST - Clap 12.wav,clap
drum_samples/hihat/HiHAT_STAY_CXSKET.wav,hihat
drum_samples/snare/dreamcast2 Snare (6).wav,snare
drum_samples/808/Dynox - Power 808 @dynoxmusic.wav,808
drum_samples/hihat/6.wav,hihat
drum_samples/openhat/cursive open hat @thecxdy.wav,openhat
drum_samples/hihat/HH (Blooper).wav,hihat
drum_samples/snare/[] snare - zelda.wav,snare
drum_samples/snare/dreamcast2 Snare (10).wav,snare
drum_samples/openhat/space open hat @thecxdy.wav,openhat
drum_samples/hihat/HH - WAVE @shadx2.wav,hihat
drum_samples/openhat/OPENHAT_BLINK_CXSKET.wav,openhat
drum_samples/snare/Snare (Give It 2 Me).wav,snare
drum_samples/hihat/Dynox - Kilo HiHat @dynoxmusic.wav,hihat
drum_samples/808/NOST - 808 #8 (C).wav,808
drum_samples/hihat/HI HAT - FIREPLUS [MISOGI].wav,hihat
drum_samples/snare/SNARE - TUNE [MUSGO].wav,snare
drum_samples/clap/CLAP - FALLEN [MISOGI].wav,clap
drum_samples/hihat/HH (TTP).wav,hihat
drum_samples/hihat/highhat2.mp3,hihat
drum_samples/808/spinz 808 copy 2.wav,808
drum_samples/hihat/HAT - basic.wav,hihat
drum_samples/808/fav 808.wav,808
drum_samples/openhat/no end open hat @thecxdy.wav,openhat
drum_samples/hihat/Dynox - Chill HiHat @dynoxmusic.wav,hihat
drum_samples/hihat/hh [freezer].wav,hihat
drum_samples/snare/Snare - [Metro] @looplegend_.wav,snare
drum_samples/snare/SNARE_RABBIT_CXSKET.wav,snare
drum_samples/hihat/HH (Tin Can).wav,hihat
drum_samples/snare/SNARE - LOVE SONG [GINSENG].wav,snare
drum_samples/clap/layer clap.wav,clap
drum_samples/808/808 - surge @rip.warheart.wav,808
drum_samples/808/808 (sza).wav,808
drum_samples/kick/Kick (Textured Rack).wav,kick
drum_samples/hihat/hi hat (44).wav,hihat
drum_samples/openhat/oh [cast].wav,openhat
drum_samples/snare/Snare - [Slime] @looplegend_.wav,snare
drum_samples/hihat/HI HAT - TRAUMA [GINSENG].wav,hihat
drum_samples/openhat/woodpecker open hat.wav,openhat
drum_samples/openhat/[] open - index.wav,openhat
drum_samples/hihat/HI HAT - DOUBLE-R [MISOGI].wav,hihat
drum_samples/808/granny 808.wav,808
drum_samples/snare/belmont sn @thecxdy.wav,snare
drum_samples/808/bad habit 808 @thecxdy.wav,808
drum_samples/snare/SNARE_BITE_CXSKET.wav,snare
drum_samples/808/808 (44).wav,808
drum_samples/openhat/icytwat ophat.wav,openhat
drum_samples/snare/SNARE - CANDYPAINT [MISOGI].wav,snare
drum_samples/kick/[] kick - descendant 2.wav,kick
drum_samples/808/zelda 808.wav,808
drum_samples/clap/8 bit clap.wav,clap
drum_samples/openhat/Dynox - Glass OpenHat @dynoxmusic.wav,openhat
drum_samples/hihat/HI HAT - DECAYDANCE [GINSENG].wav,hihat
drum_samples/808/Diëd 808 @khemics_.wav,808
drum_samples/snare/Snare (Heavy Metal).wav,snare
drum_samples/snare/SNARE_WASP_CXSKET.wav,snare
drum_samples/kick/kankan harrd kick like super hard.wav,kick
drum_samples/snare/[] snare - plasma.wav,snare
drum_samples/kick/GoKick4.wav,kick
drum_samples/kick/dreamcast2 Kick (4).wav,kick
drum_samples/snare/SNARE - IDREAM [MISOGI].wav,snare
drum_samples/hihat/[] hat - gucci.wav,hihat
drum_samples/hihat/Take A Step Back Hat.wav,hihat
drum_samples/snare/SNARE - ALWAYSNEVER [GINSENG].wav,snare
drum_samples/snare/SNARE - DIE [MISOGI].wav,snare
drum_samples/clap/CLAP - ELECTRICITY [GINSENG].wav,clap
drum_samples/hihat/HH 12.wav,hihat
drum_samples/openhat/home [open].wav,openhat
drum_samples/snare/Snare (Cheater).wav,snare
drum_samples/808/Ayeplu$ - Cocaine (Short) 808.wav,808
drum_samples/clap/clap (39).wav,clap
drum_samples/hihat/HI HAT - MDMA [GINSENG].wav,hihat
drum_samples/clap/Mira Clap @khemics_.wav,clap
drum_samples/808/808 8!!!!!!!!!!.wav,808
drum_samples/hihat/west hihat  4.wav,hihat
drum_samples/808/808 (Marina).wav,808
drum_samples/openhat/Open Hat - [Slat] @looplegend_.wav,openhat
drum_samples/808/808 11.wav,808
drum_samples/808/808 - [SpiLex] @looplegend_.wav,808
drum_samples/hihat/HAT - break the bank.wav,hihat
drum_samples/hihat/w3st 3nd hh @thecxdy.wav,hihat
drum_samples/kick/NOST - Kick 03.wav,kick
drum_samples/openhat/OPEN HAT - BURNING [GINSENG].wav,openhat
drum_samples/openhat/3ssential open hat @thecxdy.wav,openhat
drum_samples/clap/CLAP - HEARTKISS [GINSENG].wav,clap
drum_samples/808/juug 808.wav,808
drum_samples/kick/Kick (Treat Ya Right).wav,kick
drum_samples/808/808 - swagapino @rip.warheart.wav,808
drum_samples/kick/Kick (Lover).wav,kick
drum_samples/kick/KICK - WEBSITE [GINSENG].wav,kick
drum_samples/hihat/doe hh @thecxdy.wav,hihat
drum_samples/hihat/2.wav,hihat
drum_samples/hihat/hi hat (54).wav,hihat
drum_samples/openhat/OH (Barbeque).wav,openhat
drum_samples/kick/Kick 16.wav,kick
